char,n_gy_readings,guangyun_readings,ruzi_default,ruzi_confidence,n_dual_annotations,n_bare_ruzi,corpus_marked_dist,n_corpus_marked,least_marked_default,signals_agree
дёү,2,sam samH,sam,1.0,7,0,samHГ—7 samГ—1,8,sam,True
еҮә,2,tsyhwijH tsyhwit,tsyhwit,1.0,6,0,tsyhwijHГ—7,7,tsyhwit,True
дёӯ,2,trjuwng trjuwngH,trjuwng,1.0,4,2,trjuwngHГ—10,10,trjuwng,True
жҖқ,2,si siH,si,1.0,4,0,siHГ—5,5,si,True
еҗҲ,2,hop kop,hop,1.0,4,1,kopГ—5,5,hop,True
зҙ„,2,'jak 'jiewH,'jak,1.0,4,1,'jiewHГ—4,4,'jak,True
ж–ј,2,'jo 'u,'jo,1.0,3,0,'uГ—12,12,'jo,True
еј”,2,tek tewH,tewH,1.0,3,0,tekГ—7,7,tewH,True
е–Ә,2,sang sangH,,0.0,3,1,,0,,False
еҘҪ,2,xawH xawX,xawX,1.0,2,0,xawHГ—24,24,xawX,True
жғЎ,3,'ak 'u 'uH,'u,0.5,2,1,'uHГ—18 'uГ—1,19,'ak,False
иЎҢ,4,haeng haengH hang hangH,hangH,0.33,2,1,haengHГ—11 hangГ—2 haengГ—1,14,hangH,True
еәҰ,2,dak duH,duH,1.0,2,6,dakГ—11 duHГ—1,12,duH,True
е§”,2,'jwe 'jweX,'jweX,1.0,2,0,'jweГ—8,8,'jweX,True
йҪҠ,2,dzej dzejH,dzej,1.0,2,1,dzejHГ—6,6,dzej,True
е’Ң,2,hwa hwaH,hwa,1.0,2,1,hwaHГ—5,5,hwa,True
жІҲ,3,drim drimH syimX,syimX,0.5,2,0,drimГ—3 drimHГ—1 syimXГ—1,5,drimH,False
жұ ,2,da drje,drje,1.0,2,1,daГ—3 drjeГ—1,4,drje,True
иӯҪ,2,yo yoH,yoH,1.0,2,0,yoГ—4,4,yoH,True
д»°,2,ngjangH ngjangX,ngjangX,1.0,2,0,ngjangHГ—2,2,ngjangX,True
иҰ–,2,dzyijH dzyijX,dzyijX,1.0,2,1,dzyijHГ—2,2,dzyijX,True
и—Ҹ,2,dzang dzangH,,0.0,2,1,,0,,False
иҰӢ,3,'aewX henH kenH,kenH,0.5,1,0,henHГ—28 'aewXГ—1,29,kenH,True
зӣё,2,sjang sjangH,sjang,1.0,1,0,sjangHГ—23,23,sjang,True
ж·Ў,4,dam damH damX yemX,yemX,0.33,1,0,damHГ—8 damXГ—1,9,dam,False
еҶ ,2,kwan kwanH,kwan,1.0,1,0,kwanHГ—8,8,kwan,True
йӣў,3,lejH lje ljeH,lje,0.5,1,1,ljeHГ—4 ljeГ—2 lejHГ—2,8,lejH,False
еҸғ,5,sam srim tshom tshomH tsrhim,tsrhim,0.33,1,0,tsrhimГ—4 tshomГ—3 srimГ—1,8,sam,False
йә—,2,lejH lje,lejH,1.0,1,0,ljeГ—6 lejHГ—1,7,lejH,True
еҸҘ,4,gju kjuH kuw kuwH,kuwH,0.33,1,0,kuwГ—4 kjuHГ—3,7,gju,False
жңғ,2,hwajH kwajH,hwajH,1.0,1,0,kwajHГ—6,6,hwajH,True
еӢһ,2,law lawH,law,1.0,1,0,lawHГ—6,6,law,True
жҹұ,2,drjuX trjuX,drjuX,1.0,1,0,trjuXГ—6,6,drjuX,True
дҪҝ,2,sriH sriX,sriX,1.0,1,0,sriHГ—4 sriXГ—1,5,sriX,True
и§Җ,2,kwan kwanH,kwan,1.0,1,0,kwanHГ—5,5,kwan,True
иЎЈ,2,'j+j 'j+jH,'j+j,1.0,1,0,'j+jHГ—5,5,'j+j,True
иҸҜ,3,hwae hwaeH xwae,hwae,0.5,1,0,hwaeHГ—4,4,hwae,True
з©Қ,2,tsjeH tsjek,tsjek,1.0,1,0,tsjeHГ—4,4,tsjek,True
ж®ҝ,2,denH tenH,denH,1.0,1,0,tenHГ—3,3,denH,True
жјё,2,dzjemX tsjem,tsjem,1.0,1,0,dzjemXГ—2 tsjemГ—1,3,tsjem,True
жөӘ,2,lang langH,lang,1.0,1,0,langHГ—2 langГ—1,3,lang,True
еҸі,2,hjuwH hjuwX,hjuwX,1.0,1,0,hjuwHГ—3,3,hjuwX,True
йҷҚ,2,haewng kaewngH,kaewngH,1.0,1,0,kaewngHГ—2 haewngГ—1,3,haewng,False
ж”ҫ,2,pjangH pjangX,pjangH,1.0,1,0,pjangXГ—3,3,pjangH,True
зҘӯ,2,tsjejH tsreajH,tsjejH,1.0,1,0,tsreajHГ—3,3,tsjejH,True
дёҚ,4,pjut pjuw pjuwX trhjuwH,pjut,0.33,1,1,pjuwXГ—1 pjuwГ—1,2,pjut,True
иҒҡ,2,dzjuH dzjuX,dzjuX,1.0,1,0,dzjuHГ—2,2,dzjuX,True
еҜ…,2,yij yin,yin,1.0,1,0,yijГ—1 yinГ—1,2,yij,False
йҷі,2,drin drinH,drin,1.0,1,0,drinHГ—2,2,drin,True
жӯЈ,2,tsyeng tsyengH,tsyengH,1.0,1,0,tsyengГ—2,2,tsyengH,True
й–’,3,kaenH kean keanH,kean,0.5,1,2,keanГ—1 keanHГ—1,2,kaenH,False
иҺҪ,3,mangX muX muwX,muwX,0.5,1,0,mangXГ—1 muXГ—1,2,muwX,True
иӘҝ,3,dew dewH trjuw,trjuw,0.5,1,0,dewHГ—1 trjuwГ—1,2,dew,False
з©ң,2,drjowng duwng,drjowng,1.0,1,0,duwngГ—2,2,drjowng,True
иҒһ,2,mjun mjunH,mjun,1.0,1,0,mjunHГ—2,2,mjun,True
з•¶,2,tang tangH,,0.0,1,1,tangГ—1,1,tangH,False
йҷӨ,2,drjo drjoH,drjo,1.0,1,0,drjoHГ—1,1,drjo,True
и’ј,2,tshang tshangX,tshang,1.0,1,0,tshangXГ—1,1,tshang,True
йі»,2,bjun paen,paen,1.0,1,0,bjunГ—1,1,paen,True
ијү,3,dzojH tsojH tsojX,tsojH,0.5,1,3,dzojHГ—1,1,tsojH,True
еңҹ,2,duX thuX,,0.0,1,1,thuXГ—1,1,duX,False
е·§,2,khaewH khaewX,khaewX,1.0,1,0,khaewHГ—1,1,khaewX,True
й©…,2,khju khjuH,khju,1.0,1,0,khjuHГ—1,1,khju,True
дәҹ,2,khiH kik,,0.0,1,0,khiHГ—1,1,kik,False
иҒҪ,2,theng thengH,,0.0,1,0,thengHГ—1,1,theng,False
иҰӘ,2,tshin tshinH,tshin,1.0,1,0,tshinHГ—1,1,tshin,True
иҲҲ,2,xing xingH,xing,1.0,1,0,xingHГ—1,1,xing,True
жңҹ,1,gi,,0.0,1,0,,0,,False
дҝӮ,1,kejH,,0.0,1,0,,0,,False
жҗў,1,tsinH,,0.0,1,2,,0,,False
еұӢ,1,'uwk,,0.0,1,1,,0,,False
йӣЈ,1,nanH,,0.0,1,0,,0,,False
з§ҹ,1,tsu,,0.0,1,0,,0,,False
жІ»,3,dri driH drijH,,0.0,0,1,driHГ—44,44,dri,False
жЁӮ,3,lak ngaewH ngaewk,,0.0,0,0,lakГ—24 ngaewHГ—4 ngaewkГ—2,30,ngaewk,False
й•·,3,drjang drjangH trjangX,,0.0,0,1,trjangXГ—23 drjangHГ—1,24,drjang,False
иҲҮ,3,yo yoH yoX,,0.0,0,0,yoГ—18 yoHГ—4,22,yoX,False
ж•ё,4,sraewk srjuH srjuX suwk,,0.0,0,0,sraewkГ—10 srjuXГ—9 srjuHГ—2 suwkГ—1,22,suwk,False
еҺ»,2,khjoH khjoX,,0.0,0,0,khjoXГ—20,20,khjoH,False
иҰҶ,4,bjuwH phjuwH phjuwk phok,,0.0,0,0,phjuwkГ—17 phjuwHГ—1 bjuwHГ—1,19,phok,False
еёҘ,2,srwijH srwit,,0.0,0,0,srwijHГ—17,17,srwit,False
ж–·,3,dwanX twanH twanX,,0.0,0,0,twanHГ—9 twanXГ—7,16,dwanX,False
еҶ’,2,mawH mok,,0.0,0,0,mawHГ—14 mokГ—1,15,mok,False
еҫ©,2,bjuwH bjuwk,,0.0,0,0,bjuwHГ—11 bjuwkГ—3,14,bjuwk,False
и‘—,5,drjak drjo trjak trjoH trjoX,,0.0,0,0,trjoHГ—5 drjakГ—3 drjoГ—2 trjakГ—2 trjoXГ—1,13,trjoX,False
и§Ј,4,heaH heaX keaH keaX,,0.0,0,0,heaXГ—8 keaHГ—2 keaXГ—2 heaHГ—1,13,heaH,False
зӣЎ,2,dzinX tsinX,,0.0,0,0,tsinXГ—13,13,dzinX,False
д»»,2,nyim nyimH,,0.0,0,0,nyimГ—7 nyimHГ—6,13,nyimH,False
еҺҺ,2,tsiX tsyijX,,0.0,0,0,tsyijXГ—12,12,tsiX,False
зЁҪ,2,kej khejX,,0.0,0,0,kejГ—6 khejXГ—6,12,kej,False
жңқ,2,drjew trjew,,0.0,0,2,drjewГ—11 trjewГ—1,12,trjew,False
д№—,2,zying zyingH,,0.0,0,0,zyingHГ—11,11,zying,False
зғқ,2,tsying tsyingH,,0.0,0,0,tsyingГ—11,11,tsyingH,False
е’Һ,2,gjuwX kaw,,0.0,0,0,gjuwXГ—9 kawГ—2,11,kaw,False
иҲҺ,2,syaeH syaeX,,0.0,0,0,syaeXГ—11,11,syaeH,False
йӮӘ,2,yae zjae,,0.0,0,0,zjaeГ—11,11,yae,False
й®®,3,sjen sjenH sjenX,,0.0,0,0,sjenXГ—9 sjenГ—2,11,sjenH,False
дә¶,2,tanX tsyen,,0.0,0,0,tanXГ—10,10,tsyen,False
иў’,2,danX dreanH,,0.0,0,0,danXГ—10,10,dreanH,False
еҺӯ,3,'jemH 'jemX 'jep,,0.0,0,0,'jemHГ—8 'jepГ—2,10,'jemX,False
еӮі,3,drjwen drjwenH trjwenH,,0.0,0,0,drjwenГ—5 trjwenHГ—3 drjwenHГ—1,9,drjwenH,False
жҗҸ,3,pak phak pjuH,,0.0,0,0,pakГ—9,9,phak,False
еҷ«,2,'eajH 'i,,0.0,0,0,'iГ—7 'eajHГ—2,9,'eajH,False
йҷ¶,2,daw yew,,0.0,0,0,dawГ—7 yewГ—2,9,yew,False
ж–Ӯ,2,ljemH ljemX,,0.0,0,0,ljemHГ—7 ljemXГ—2,9,ljemX,False
е№ҫ,4,gj+j gj+jH kj+j kj+jX,,0.0,0,0,kj+jГ—5 gj+jГ—3 kj+jXГ—1,9,gj+jH,False
иҗ‘,2,hwan tsywij,,0.0,0,0,hwanГ—9,9,tsywij,False
еұ¬,2,dzyowk tsyowk,,0.0,0,0,tsyowkГ—9,9,dzyowk,False
еҚ’,3,tshwot tswit tswot,,0.0,0,0,tswotГ—6 tswitГ—3,9,tshwot,False
иӢҙ,4,dzrae tshjo tsjo tsjoX,,0.0,0,0,tshjoГ—6 tsjoГ—3,9,dzrae,False
иӘӘ,3,sywejH sywet ywet,,0.0,0,5,ywetГ—9,9,sywejH,False
жғ°,2,dwaH dwaX,,0.0,0,0,dwaHГ—8,8,dwaX,False
еҹҪ,2,sawH sawX,,0.0,0,0,sawHГ—8,8,sawX,False
йһ ,3,gjuwk khjuwk kjuwk,,0.0,0,0,kjuwkГ—8,8,gjuwk,False
еҗҰ,2,bijX pjuwX,,0.0,0,0,pjuwXГ—6 bijXГ—2,8,bijX,False
и ғ,2,lwa lwaX,,0.0,0,0,lwaГ—7 lwaXГ—1,8,lwaX,False
иў«,2,bjeH bjeX,,0.0,0,0,bjeHГ—7 bjeXГ—1,8,bjeX,False
и”“,2,man mjonH,,0.0,0,0,mjonHГ—7 manГ—1,8,man,False
еҲ–,3,ngjwot ngwaet ngwot,,0.0,0,0,ngwaetГ—7 ngjwotГ—1,8,ngwot,False
дё”,2,tshjaeX tsjo,,0.0,0,0,tsjoГ—8,8,tshjaeX,False
й‘ҝ,3,dzak dzuwk tsak,,0.0,0,1,dzakГ—8,8,dzuwk,False
иғҢ,2,bwojH pwojH,,0.0,0,0,bwojHГ—7 pwojHГ—1,8,pwojH,False
жІ®,5,dzjoX tshjo tsjo tsjoH tsrjo,,0.0,0,0,tshjoГ—5 dzjoXГ—3,8,tsjo,False
з·ј,4,'jun 'junH 'junX 'won,,0.0,0,0,'wonГ—4 'junГ—2 'junXГ—2,8,'junH,False
зҙў,3,sak sreak srjaek,,0.0,0,0,sakГ—8,8,sreak,False
еҲҘ,2,bjet pjet,,0.0,0,0,pjetГ—8,8,bjet,False
и®ҷ,2,xjwon xwan,,0.0,0,0,xwanГ—7 xjwonГ—1,8,xjwon,False
иҷҹ,2,haw hawH,,0.0,0,0,hawГ—5 hawHГ—2,7,hawH,False
еЁЈ,2,dejH dejX,,0.0,0,0,dejHГ—7,7,dejX,False
ж¶•,2,thejH thejX,,0.0,0,0,thejXГ—6 thejHГ—1,7,thejH,False
еӨҸ,2,haeH haeX,,0.0,0,0,haeXГ—6 haeHГ—1,7,haeH,False
еӨӯ,3,'awX 'jew 'jewX,,0.0,0,0,'jewXГ—5 'awXГ—2,7,'jew,False
иҳ§,2,gjo gju,,0.0,0,0,gjoГ—7,7,gju,False
йҺ§,2,khojH khojX,,0.0,0,0,khojHГ—7,7,khojX,False
йҒҺ,2,kwa kwaH,,0.0,0,0,kwaГ—4 kwaHГ—3,7,kwaH,False
йӮ„,2,hwaen zjwen,,0.0,0,0,zjwenГ—7,7,hwaen,False
жўҸ,2,kaewk kowk,,0.0,0,0,kowkГ—6 kaewkГ—1,7,kaewk,False
е…ұ,2,gjowngH kjowng,,0.0,0,0,kjowngГ—7,7,gjowngH,False
иңғ,2,dzyinH dzyinX,,0.0,0,0,dzyinXГ—7,7,dzyinH,False
е§Ә,2,det drit,,0.0,0,0,detГ—7,7,drit,False
дҫӣ,2,kjowng kjowngH,,0.0,0,0,kjowngГ—7,7,kjowngH,False
еӨ«,2,bju pju,,0.0,0,0,bjuГ—7,7,pju,False
з•ң,2,trhjuwH xjuwk,,0.0,0,0,xjuwkГ—7,7,trhjuwH,False
иіҒ,4,bj+j bjun pjeH pwon,,0.0,0,0,pwonГ—3 bjunГ—3 pjeHГ—1,7,bj+j,False
и·ӣ,2,paX pjeH,,0.0,0,0,paXГ—5 pjeHГ—2,7,pjeH,False
еҡ®,2,xjangH xjangX,,0.0,0,0,xjangHГ—6 xjangXГ—1,7,xjangX,False
зҮ•,2,'en 'enH,,0.0,0,0,'enHГ—4 'enГ—3,7,'en,False
д»Ө,5,leng lengH ljen ljeng ljengH,,0.0,0,0,ljengГ—7,7,leng,False
ж“Қ,3,suwX tshaw tshawH,,0.0,0,0,tshawГ—6,6,suwX,False
йҢҜ,2,tshak tshuH,,0.0,0,0,tshuHГ—4 tshakГ—2,6,tshak,False
йҘҢ,2,dzrjwenH dzrwaenX,,0.0,0,0,dzrjwenHГ—6,6,dzrwaenX,False
иғҘ,2,sjo sjoX,,0.0,0,1,sjoГ—5 sjoXГ—1,6,sjoX,False
еңң,2,hjwen hwaen,,0.0,0,0,hjwenГ—6,6,hwaen,False
еҖҡ,2,'jeH 'jeX,,0.0,0,0,'jeXГ—5 'jeHГ—1,6,'jeH,False
еҢҗ,2,bjuwk bok,,0.0,0,0,bokГ—6,6,bjuwk,False
е·®,5,tsrhae tsrhea tsrheaH tsrheaj tsrhje,,0.0,0,0,tsrheaГ—4 tsrheaHГ—2,6,tsrhae,False
й Ҡ,2,ngjowk xjowk,,0.0,0,0,xjowkГ—6,6,ngjowk,False
еҸ°,2,thoj yi,,0.0,0,0,yiГ—6,6,thoj,False
жһ•,3,drim tsyimH tsyimX,,0.0,0,0,tsyimHГ—6,6,drim,False
зІҘ,2,tsyuwk yuwk,,0.0,0,0,yuwkГ—5 tsyuwkГ—1,6,tsyuwk,False
еҲҶ,2,bjunH pjun,,0.0,0,0,bjunHГ—4 pjunГ—2,6,pjun,False
и„ӣ,2,hengH hengX,,0.0,0,0,hengHГ—6,6,hengX,False
зҲ¶,2,bjuX pjuX,,0.0,0,0,pjuXГ—6,6,bjuX,False
жөё,2,tshim tsimH,,0.0,0,0,tsimHГ—6,6,tshim,False
зҙҜ,2,ljweH ljweX,,0.0,0,0,ljweHГ—6,6,ljweX,False
жҙ’,2,sejX sreaH,,0.0,0,0,sreaHГ—5 sejXГ—1,6,sejX,False
еңғ,2,puH puX,,0.0,0,0,puXГ—6,6,puH,False
жӣҒ,4,gijH kit kj+jH kj+t,,0.0,0,0,gijHГ—6,6,kit,False
йҹҺ,2,mat meajH,,0.0,0,0,meajHГ—6,6,mat,False
жӢ”,3,bat beat bjot,,0.0,0,0,beatГ—3 batГ—3,6,bjot,False
еҚө,2,lwaX lwanX,,0.0,0,0,lwanXГ—6,6,lwaX,False
иҶ®,2,xew xewX,,0.0,0,0,xewГ—6,6,xewX,False
ең»,3,gj+j ngj+n ngon,,0.0,0,0,gj+jГ—6,6,ngj+n,False
зЁұ,2,tsyhing tsyhingH,,0.0,0,0,tsyhingHГ—5,5,tsyhing,False
йҖ®,2,dejH dojH,,0.0,0,0,dejHГ—4 dojHГ—1,5,dojH,False
жұә,2,kwet xwet,,0.0,0,1,kwetГ—4 xwetГ—1,5,xwet,False
еҹҙ,2,dzyik tsyhiH,,0.0,0,0,dzyikГ—5,5,tsyhiH,False
жЎҙ,2,bjuw phju,,0.0,0,0,bjuwГ—3 phjuГ—2,5,phju,False
иӘһ,2,ngjoH ngjoX,,0.0,0,0,ngjoHГ—5,5,ngjoX,False
еүө,2,tsrhjang tsrhjangH,,0.0,0,0,tsrhjangHГ—3 tsrhjangГ—2,5,tsrhjang,False
жӨҚ,2,driH dzyik,,0.0,0,0,driHГ—3 dzyikГ—2,5,dzyik,False
з№Ү,3,drjuwH yew yuw,,0.0,0,0,yewГ—4 yuwГ—1,5,drjuwH,False
еҘ‘,3,khejH khet khj+t,,0.0,0,0,khejHГ—3 khetГ—2,5,khj+t,False
иҮҗ,2,xjun xjunH,,0.0,0,0,xjunГ—5,5,xjunH,False
зӣӣ,2,dzyeng dzyengH,,0.0,0,0,dzyengГ—5,5,dzyengH,False
жҝҹ,2,tsejH tsejX,,0.0,0,0,tsejXГ—3 tsejHГ—2,5,tsejH,False
иҷә,3,xjw+jX xweaj xwoj,,0.0,0,0,xjw+jXГ—4 xwojГ—1,5,xweaj,False
йңҶ,2,deng dengX,,0.0,0,0,dengГ—4 dengXГ—1,5,dengX,False
з©ҝ,2,tsyhwen tsyhwenH,,0.0,0,0,tsyhwenГ—5,5,tsyhwenH,False
жҺҳ,2,gjut gjwot,,0.0,0,0,gjutГ—4 gjwotГ—1,5,gjwot,False
и…Ҙ,2,seng sengH,,0.0,0,0,sengГ—4 sengHГ—1,5,sengH,False
жЁё,4,bu buwk phaewk puwk,,0.0,0,0,phaewkГ—3 puwkГ—1 buwkГ—1,5,bu,False
зёһ,2,kawH kawX,,0.0,0,0,kawXГ—5,5,kawH,False
зӘ’,2,tet trit,,0.0,0,0,tritГ—5,5,tet,False
е®ҝ,2,sjuwH sjuwk,,0.0,0,0,sjuwHГ—3 sjuwkГ—2,5,sjuwk,False
еўҠ,2,dep temH,,0.0,0,0,temHГ—5,5,dep,False
зҮҺ,3,ljew ljewH ljewX,,0.0,0,0,ljewHГ—5,5,ljew,False
жёҫ,2,hwon hwonX,,0.0,0,0,hwonXГ—4 hwonГ—1,5,hwon,False
жӣҙ,2,kaeng kaengH,,0.0,0,0,kaengГ—5,5,kaengH,False
е•җ,4,swojH tshwaejH tshwojH tswit,,0.0,0,0,tshwojHГ—5,5,swojH,False
ж®ә,2,sreajH sreat,,0.0,0,0,sreajHГ—5,5,sreat,False
иқ‘,2,sjaeH sjo,,0.0,0,0,sjoГ—5,5,sjaeH,False
еў®,3,dwaX thwaX xjwie,,0.0,0,0,xjwieГ—5,5,dwaX,False
зӢҷ,2,tshjo tshjoH,,0.0,0,0,tshjoГ—5,5,tshjoH,False
ијҝ,2,yo yoH,,0.0,0,0,yoГ—5,5,yoH,False
жҲҫ,2,lejH let,,0.0,0,0,lejHГ—5,5,let,False
зҝҹ,2,dek draek,,0.0,0,0,dekГ—5,5,draek,False
еҒҮ,2,kaeH kaeX,,0.0,0,0,kaeXГ—5,5,kaeH,False
зҪ·,3,beaX bje bjeX,,0.0,0,0,bjeГ—5,5,beaX,False
еҪ·,2,bang phjangX,,0.0,0,0,bangГ—5,5,phjangX,False
жәә,2,nek nyak,,0.0,0,0,nekГ—5,5,nyak,False
ж–Ғ,3,duH tuH yek,,0.0,0,0,yekГ—3 tuHГ—2,5,duH,False
жҝҜ,2,draewH draewk,,0.0,0,0,draewkГ—4 draewHГ—1,5,draewH,False
и—ү,2,dzjaeH dzjek,,0.0,0,0,dzjaeHГ—4 dzjekГ—1,5,dzjek,False
зЁҫ,2,kawX khawH,,0.0,0,0,kawXГ—4 khawHГ—1,5,khawH,False
д№ҫ,2,gjen kan,,0.0,0,0,gjenГ—2 kanГ—2,4,gjen,False
жһё,3,kjuX kuw kuwX,,0.0,0,0,kjuXГ—2 kuwXГ—2,4,kuw,False
еҒӘ,2,pik pjuwk,,0.0,0,0,pikГ—4,4,pjuwk,False
иҚј,3,drae du zyae,,0.0,0,0,duГ—4,4,drae,False
иё–,3,dzjek tshjak tsjek,,0.0,0,0,tsjekГ—4,4,dzjek,False
йһһ,4,bej pengX pjeX pjie,,0.0,0,0,pengXГ—3 bejГ—1,4,pjeX,False
иІү,2,hak maek,,0.0,0,0,hakГ—2 maekГ—2,4,hak,False
ж¶–,2,lejH lijH,,0.0,0,0,lijHГ—4,4,lejH,False
ж ј,2,kaek kak,,0.0,0,0,kaekГ—4,4,kak,False
дәЁ,3,phaeng xaeng xjangX,,0.0,0,0,phaengГ—3 xaengГ—1,4,xjangX,False
й»ҝ,2,ngjwon ngwan,,0.0,0,0,ngjwonГ—4,4,ngwan,False
зӣҘ,2,kwanH kwanX,,0.0,0,0,kwanXГ—4,4,kwanH,False
иЁҫ,2,tsje tsjeX,,0.0,0,0,tsjeГ—4,4,tsjeX,False
и•ғ,2,bjon pjon,,0.0,0,0,bjonГ—4,4,pjon,False
жј‘,2,kj+jH kojH,,0.0,0,0,kojHГ—4,4,kj+jH,False
иҠ’,2,mang mjang,,0.0,0,0,mangГ—3 mjangГ—1,4,mjang,False
е–ҹ,2,khweajH khwijH,,0.0,0,0,khwijHГ—4,4,khweajH,False
зҙғ,2,zwin zywin,,0.0,0,0,zwinГ—4,4,zywin,False
зӣЈ,2,kaem kaemH,,0.0,0,0,kaemГ—4,4,kaemH,False
еҙ”,2,dzwoj tshwoj,,0.0,0,0,dzwojГ—4,4,tshwoj,False
иҺһ,3,hwaenX hwan kwan,,0.0,0,0,kwanГ—4,4,hwaenX,False
е–®,4,dzyen dzyenH dzyenX tan,,0.0,0,0,tanГ—3 dzyenXГ—1,4,dzyen,False
жҲ•,3,dzjang ka tsang,,0.0,0,0,dzjangГ—4,4,ka,False
иҗҠ,2,loj lojH,,0.0,0,0,lojГ—4,4,lojH,False
иІ«,2,kwan kwanH,,0.0,0,0,kwanHГ—4,4,kwan,False
еҮҪ,2,heam hom,,0.0,0,0,homГ—3 heamГ—1,4,heam,False
йҒҜ,2,dwonH dwonX,,0.0,0,0,dwonHГ—4,4,dwonX,False
ж№ӣ,3,dreamX drim tom,,0.0,0,0,tomГ—2 drimГ—1 dreamXГ—1,4,dreamX,False
дҫ‘,2,hjuwH hjwojX,,0.0,0,0,hjuwHГ—4,4,hjwojX,False
йҹЈ,3,duwk dzyowk tsyowk,,0.0,0,0,duwkГ—4,4,dzyowk,False
и„…,2,xjaemH xjaep,,0.0,0,0,xjaepГ—4,4,xjaemH,False
еө¬,2,ngwoj ngwojX,,0.0,0,0,ngwojГ—4,4,ngwojX,False
еЎһ,2,sojH sok,,0.0,0,0,sokГ—2 sojHГ—2,4,sojH,False
иІ»,3,bj+jH phj+jH pijH,,0.0,0,0,phj+jHГ—3 bj+jHГ—1,4,pijH,False
й…Ё,2,dojH dzojH,,0.0,0,0,dzojHГ—4,4,dojH,False
йҸӨ,2,lju luwH,,0.0,0,0,luwHГ—4,4,lju,False
е»·,2,deng dengH,,0.0,0,0,dengГ—2 dengHГ—2,4,deng,False
иҸҹ,2,du thuH,,0.0,0,0,duГ—4,4,thuH,False
з•«,2,hweaH hweak,,0.0,0,0,hweaHГ—3 hweakГ—1,4,hweak,False
жӘ®,3,daw drjuw tawX,,0.0,0,0,dawГ—3 drjuwГ—1,4,tawX,False
иүҫ,2,ngajH ngjojH,,0.0,0,0,ngjojHГ—3 ngajHГ—1,4,ngajH,False
еҮҚ,2,tuwng tuwngH,,0.0,0,0,tuwngHГ—4,4,tuwng,False
д»Ҷ,4,bok phjuH phjuwH phuwH,,0.0,0,0,bokГ—3 phjuHГ—1,4,phjuwH,False
й¶©,2,mjuH muwk,,0.0,0,0,muwkГ—4,4,mjuH,False
еҫҜ,2,hej hejX,,0.0,0,0,hejXГ—4,4,hej,False
ж»‘,3,hweat hwot kwot,,0.0,0,0,kwotГ—4,4,hweat,False
жІӣ,2,pajH phajH,,0.0,0,0,phajHГ—2 pajHГ—2,4,pajH,False
е Ү,3,gin gj+n kj+nX,,0.0,0,0,kj+nXГ—4,4,gin,False
зӯҙ,3,keap kep tsrheak,,0.0,0,0,tsrheakГ—4,4,keap,False
и¶Ј,4,tshjowk tshju tshjuH tshuwX,,0.0,0,0,tshjuHГ—2 tshjuГ—1 tshuwXГ—1,4,tshjowk,False
иҢҶ,2,ljuwX maewX,,0.0,0,0,maewXГ—3 ljuwXГ—1,4,ljuwX,False
йҹҗ,2,keap kop,,0.0,0,0,keapГ—2 kopГ—1,3,kop,False
иёЈ,2,bok phuwH,,0.0,0,0,bokГ—3,3,phuwH,False
з…–,2,nwanX xjwon,,0.0,0,0,nwanXГ—3,3,xjwon,False
зҒ‘,4,sraeX sreaX srjeH srjeX,,0.0,0,0,sreaXГ—3,3,sraeX,False
й—‘,2,nget ngjet,,0.0,0,0,ngjetГ—3,3,nget,False
зӢӮ,2,gjwang gjwangH,,0.0,0,0,gjwangГ—3,3,gjwangH,False
ж„¬,2,sreak suH,,0.0,0,0,suHГ—2 sreakГ—1,3,sreak,False
й»Ҫ,3,meangX mjienX mjinX,,0.0,0,0,meangXГ—3,3,mjienX,False
жҙө,2,swin zwin,,0.0,0,0,swinГ—3,3,zwin,False
ж·ұ,2,syim syimH,,0.0,0,0,syimHГ—3,3,syim,False
е’·,2,daw thewH,,0.0,0,0,dawГ—3,3,thewH,False
ж«ҹ,2,lek yak,,0.0,0,0,lekГ—3,3,yak,False
и„«,2,dwat thwat,,0.0,0,0,dwatГ—2 thwatГ—1,3,thwat,False
жҺ§,2,khaewng khuwngH,,0.0,0,0,khuwngHГ—2 khaewngГ—1,3,khaewng,False
жјұ,2,srjuwH suwH,,0.0,0,0,srjuwHГ—3,3,suwH,False
ијғ,2,kaewH kaewk,,0.0,0,0,kaewkГ—3,3,kaewH,False
йҡ®,2,tsej tsejH,,0.0,0,0,tsejГ—2 tsejHГ—1,3,tsejH,False
жјӮ,2,phjiew phjiewH,,0.0,0,0,phjiewHГ—3,3,phjiew,False
и№Ү,2,kjenX kjonX,,0.0,0,0,kjenXГ—3,3,kjonX,False
жғҮ,2,tsywin twon,,0.0,0,0,twonГ—3,3,tsywin,False
и…“,2,bj+j bj+jH,,0.0,0,0,bj+jГ—3,3,bj+jH,False
йЎҢ,2,dej dejH,,0.0,0,0,dejГ—3,3,dejH,False
иҰә,2,kaewH kaewk,,0.0,0,0,kaewHГ—3,3,kaewk,False
ж Ў,2,haewH kaewH,,0.0,0,0,haewHГ—3,3,kaewH,False
жҺҮ,2,trjwet twat,,0.0,0,0,twatГ—3,3,trjwet,False
иҠј,2,maw mawH,,0.0,0,0,mawHГ—3,3,maw,False
жҫі,2,'awH 'juwk,,0.0,0,0,'juwkГ—3,3,'awH,False
иҹІ,2,drjuwng drjuwngH,,0.0,0,0,drjuwngГ—3,3,drjuwngH,False
ж‘©,2,ma maH,,0.0,0,0,maГ—3,3,maH,False
з№…,2,saw tsawX,,0.0,0,0,tsawXГ—2 sawГ—1,3,saw,False
и•ў,2,gwijH khweajH,,0.0,0,0,gwijHГ—2 khweajHГ—1,3,khweajH,False
жҘ¬,3,gjet gjot khaet,,0.0,0,0,khaetГ—3,3,gjet,False
йЎҡ,2,ten thenH,,0.0,0,0,tenГ—3,3,thenH,False
йўә,2,yang yangH,,0.0,0,0,yangГ—3,3,yangH,False
жӘң,2,kwajH kwat,,0.0,0,0,kwajHГ—2 kwatГ—1,3,kwat,False
е°Ү,2,tsjang tsjangH,,0.0,0,1,tsjangHГ—3,3,tsjang,False
еҚЈ,2,yuw yuwX,,0.0,0,0,yuwXГ—2 yuwГ—1,3,yuw,False
йҰ®,2,bing bjuwng,,0.0,0,0,bingГ—3,3,bjuwng,False
жҲЎ,2,khom trimX,,0.0,0,0,khomГ—2 trimXГ—1,3,trimX,False
еҜҘ,2,lek lew,,0.0,0,0,lewГ—3,3,lek,False
иҢ·,3,bjojH bjot pajH,,0.0,0,0,bjojHГ—3,3,bjot,False
дјә,2,si siH,,0.0,0,0,siГ—2 siHГ—1,3,siH,False
е№…,2,pik pjuwk,,0.0,0,0,pjuwkГ—3,3,pik,False
з¶¬,2,dzyuwH dzyuwX,,0.0,0,0,dzyuwXГ—3,3,dzyuwH,False
иҖ’,2,lwijX lwojH,,0.0,0,0,lwojHГ—3,3,lwijX,False
жІұ,2,da daX,,0.0,0,0,daГ—3,3,daX,False
й»қ,2,'jij 'jiwX,,0.0,0,0,'jiwXГ—3,3,'jij,False
жІҢ,3,drjwenX dwon dwonX,,0.0,0,0,dwonXГ—3,3,drjwenX,False
и”ҫ,2,lej lij,,0.0,0,0,lijГ—3,3,lej,False
и»Ҡ,2,kjo tsyhae,,0.0,0,0,kjoГ—3,3,tsyhae,False
жҝ«,2,haemX lamH,,0.0,0,0,lamHГ—3,3,haemX,False
зӣҹ,2,maengH mjaeng,,0.0,0,0,maengHГ—2 mjaengГ—1,3,mjaeng,False
йӣ©,2,hju xju,,0.0,0,0,hjuГ—2 xjuГ—1,3,xju,False
дәў,2,kang khangH,,0.0,0,0,khangHГ—3,3,kang,False
ж•Ұ,4,dwan twoj twon twonH,,0.0,0,1,twojГ—2 twonГ—1,3,dwan,False
й»”,2,gim gjem,,0.0,0,0,gjemГ—2 gimГ—1,3,gim,False
жҺү,3,dewH dewX nraewk,,0.0,0,0,dewHГ—3,3,dewX,False
жҙ—,2,sejX senX,,0.0,0,0,senXГ—2 sejXГ—1,3,sejX,False
зҰұ,2,tawH tawX,,0.0,0,0,tawXГ—3,3,tawH,False
жҘҜ,3,trhwin zwin zywinX,,0.0,0,0,zywinXГ—3,3,trhwin,False
й§ҝ,2,swinH tswinH,,0.0,0,0,swinHГ—3,3,tswinH,False
жҫ№,3,dam damH damX,,0.0,0,0,damHГ—3,3,dam,False
зӘ¬,3,duw duwH yu,,0.0,0,0,yuГ—2 duwHГ—1,3,duw,False
йҹҚ,2,bijH pjut,,0.0,0,0,pjutГ—3,3,bijH,False
жҠ«,2,phje phjeX,,0.0,0,0,phjeГ—3,3,phjeX,False
еҷҚ,3,dzjewH tsjew tsjuw,,0.0,0,0,tsjewГ—2 tsjuwГ—1,3,dzjewH,False
жҠ—,2,hang khangH,,0.0,0,0,khangHГ—3,3,hang,False
з° ,3,phjuH pju pjuX,,0.0,0,0,pjuXГ—2 pjuГ—1,3,phjuH,False
жҲІ,3,xje xjeH xu,,0.0,0,0,xjeГ—2 xuГ—1,3,xjeH,False
йҢў,2,dzjen tsjenX,,0.0,0,0,tsjenXГ—3,3,dzjen,False
еҠ‘,2,dzejH tsjwe,,0.0,0,0,tsjweГ—3,3,dzejH,False
йҮҚ,3,drjowng drjowngH drjowngX,,0.0,0,0,drjowngXГ—2 drjowngГ—1,3,drjowngH,False
еҖ’,2,tawH tawX,,0.0,0,0,tawXГ—3,3,tawH,False
еұ ,2,drjo du,,0.0,0,0,duГ—3,3,drjo,False
з‘ұ,3,den thenH trinH,,0.0,0,0,thenHГ—3,3,den,False
йҡ©,2,'awH 'juwk,,0.0,0,0,'juwkГ—2 'awHГ—1,3,'awH,False
ејҮ,2,'jemX kom,,0.0,0,0,'jemXГ—3,3,kom,False
жҒ«,2,duwngH thuwng,,0.0,0,0,thuwngГ—3,3,duwngH,False
зәҚ,2,lwij lwijH,,0.0,0,0,lwijГ—3,3,lwijH,False
зҘҮ,2,gjie tsye,,0.0,0,0,tsyeГ—3,3,gjie,False
иё§,2,dek tsjuwk,,0.0,0,0,tsjuwkГ—3,3,dek,False
ж¶Ү,2,gjiengX keng,,0.0,0,0,kengГ—3,3,gjiengX,False
иё¶,2,dejH drjeX,,0.0,0,0,drjeXГ—3,3,dejH,False
еұҜ,2,dwon trwin,,0.0,0,0,trwinГ—2 dwonГ—1,3,dwon,False
еҚ¬,2,ngang ngjangX,,0.0,0,0,ngangГ—3,3,ngjangX,False
ејҹ,2,dejH dejX,,0.0,0,3,dejHГ—2 dejXГ—1,3,dejX,False
еғӮ,3,ljuX luw luwH,,0.0,0,0,ljuXГ—2 luwГ—1,3,luwH,False
й«Җ,3,bejX pjeX pjijX,,0.0,0,0,bejXГ—3,3,pjeX,False
зӣҫ,2,dwonX zywinX,,0.0,0,0,zywinXГ—2 dwonXГ—1,3,dwonX,False
еҝҝ,2,phjunH phjunX,,0.0,0,0,phjunXГ—3,3,phjunH,False
й ’,2,bjun paen,,0.0,0,0,paenГ—2 bjunГ—1,3,bjun,False
е’Ў,2,nyi nyiH,,0.0,0,0,nyiHГ—2,2,nyi,False
зҚ«,4,ljem ljemH ljemX xjemX,,0.0,0,0,xjemXГ—1 ljemHГ—1,2,ljem,False
й–ү,2,pejH pet,,0.0,0,0,pejHГ—2,2,pet,False
еӣҝ,2,hjuwH hjuwk,,0.0,0,0,hjuwHГ—2,2,hjuwk,False
з·…,3,tsjuH tsrjuw tsuw,,0.0,0,0,tsrjuwГ—2,2,tsjuH,False
йҶҹ,2,hjwaengH xjwiengH,,0.0,0,0,hjwaengHГ—2,2,xjwiengH,False
зң„,2,menH menX,,0.0,0,0,menHГ—2,2,menX,False
иҖҪ,2,tom tomX,,0.0,0,0,tomГ—2,2,tomX,False
дјҸ,2,bjuwH bjuwk,,0.0,0,0,bjuwHГ—1 bjuwkГ—1,2,bjuwH,False
з°ё,2,paH paX,,0.0,0,0,paXГ—2,2,paH,False
зҲ“,2,yemH zjem,,0.0,0,0,zjemГ—2,2,yemH,False
й§ҳ,2,doj dojX,,0.0,0,0,dojXГ—1 dojГ—1,2,doj,False
й ғ,2,khjwieng khjwiengX,,0.0,0,0,khjwiengГ—2,2,khjwiengX,False
йғң,2,kawH kowk,,0.0,0,0,kawHГ—2,2,kowk,False
еӯӣ,2,bwojH bwot,,0.0,0,0,bwojHГ—2,2,bwot,False
йҚӯ,2,huw huwH,,0.0,0,0,huwHГ—2,2,huw,False
дҪ•,2,ha haX,,0.0,0,0,haXГ—2,2,ha,False
жәҹ,2,meng mengX,,0.0,0,0,mengXГ—2,2,meng,False
жҙҢ,2,ljejH ljet,,0.0,0,0,ljetГ—2,2,ljejH,False
е®“,2,mit mjit,,0.0,0,0,mitГ—2,2,mjit,False
зҢ’,2,'jem 'jemH,,0.0,0,0,'jemHГ—2,2,'jem,False
з°ң,2,dangX thang,,0.0,0,0,dangXГ—2,2,thang,False
й¬Ң,3,drjwe dwaX twaX,,0.0,0,0,twaXГ—2,2,drjwe,False
жҚҚ,2,haenX hanH,,0.0,0,0,hanHГ—2,2,haenX,False
жҘ…,2,pik pjuwk,,0.0,0,0,pjuwkГ—2,2,pik,False
еӯі,2,dziH tsi,,0.0,0,0,tsiГ—1 dziHГ—1,2,dziH,False
зё«,2,bjowng bjowngH,,0.0,0,0,bjowngГ—2,2,bjowngH,False
з…¬,2,yang yangH,,0.0,0,0,yangГ—2,2,yangH,False
зҝі,2,'ej 'ejH,,0.0,0,0,'ejHГ—2,2,'ej,False
еҫ№,2,drjet trhjet,,0.0,0,1,trhjetГ—1 drjetГ—1,2,drjet,False
иӣё,2,sjew sraew,,0.0,0,0,sjewГ—1 sraewГ—1,2,sjew,False
еҖЎ,2,tsyhang tsyhangH,,0.0,0,0,tsyhangHГ—2,2,tsyhang,False
йҢЎ,3,gje gjeX ngjeX,,0.0,0,0,ngjeXГ—1 gjeXГ—1,2,gje,False
жұӘ,3,'jwangX 'wang 'wangH,,0.0,0,0,'wangГ—2,2,'jwangX,False
жёҷ,2,xwajH xwanH,,0.0,0,0,xwanHГ—2,2,xwajH,False
зҷү,4,dan taH taX tan,,0.0,0,0,tanГ—2,2,dan,False
й¬І,2,keak lek,,0.0,0,0,lekГ—2,2,keak,False
й„—,3,hawX khaew xak,,0.0,0,0,xakГ—1 khaewГ—1,2,hawX,False
зҰң,2,hjaeng hjwaengH,,0.0,0,0,hjwaengHГ—2,2,hjaeng,False
йӢӘ,3,phju phu phuH,,0.0,0,0,phuГ—2,2,phju,False
з®ҳ,2,gwinX khwin,,0.0,0,0,gwinXГ—2,2,khwin,False
и–§,2,khawX xaw,,0.0,0,0,khawXГ—2,2,xaw,False
йҶҚ,2,dej thejX,,0.0,0,0,thejXГ—2,2,dej,False
зІ—,2,dzuX tshu,,0.0,0,0,dzuXГ—1 tshuГ—1,2,dzuX,False
еҪҠ,3,gjang gjangX kjangH,,0.0,0,0,gjangГ—2,2,gjangX,False
е—‘,2,hap kap,,0.0,0,0,hapГ—2,2,kap,False
ијҒ,2,gjowng kjowngX,,0.0,0,0,kjowngXГ—2,2,gjowng,False
йҡұ,2,'j+nH 'j+nX,,0.0,0,0,'j+nHГ—2,2,'j+nX,False
еҘ ,2,denH tengH,,0.0,0,0,denHГ—2,2,tengH,False
и©¬,3,khuwH kuwX xuwH,,0.0,0,0,xuwHГ—1 khuwHГ—1,2,kuwX,False
й Ў,2,het keat,,0.0,0,0,hetГ—2,2,keat,False
ж¶Ҝ,2,ngea ngje,,0.0,0,0,ngeaГ—2,2,ngje,False
йүҸ,2,dzrjo dzrjoX,,0.0,0,0,dzrjoГ—2,2,dzrjoX,False
зӣ¬,2,ku kuX,,0.0,0,0,kuXГ—2,2,ku,False
зҪҰ,2,bjuw phju,,0.0,0,0,bjuwГ—1 phjuГ—1,2,bjuw,False
жүҒ,4,benX bjienX penX phjien,,0.0,0,0,benXГ—1 phjienГ—1,2,bjienX,False
ж§җ,2,hweaj hwoj,,0.0,0,0,hweajГ—2,2,hwoj,False
еҮқ,2,nging ngingH,,0.0,0,0,ngingГ—2,2,ngingH,False
иҮ ,2,ljwenX lwan,,0.0,0,0,ljwenXГ—2,2,lwan,False
жӣ–,2,'ajH 'ojH,,0.0,0,0,'ojHГ—2,2,'ajH,False
з‘©,2,'wengH hjaeng,,0.0,0,0,hjaengГ—2,2,'wengH,False
и“‘,2,swa swoj,,0.0,0,0,swaГ—2,2,swoj,False
йӯ„,2,phaek thak,,0.0,0,0,phaekГ—2,2,thak,False
зЁ®,2,tsyowngH tsyowngX,,0.0,0,0,tsyowngHГ—2,2,tsyowngX,False
зҚ»,3,ngjet sa xjonH,,0.0,0,0,saГ—1 xjonHГ—1,2,ngjet,False
еә®,2,yuw yuwX,,0.0,0,0,yuwГ—2,2,yuwX,False
йҖ ,2,dzawX tshawH,,0.0,0,0,dzawXГ—1 tshawHГ—1,2,dzawX,False
иңӢ,2,lang ljang,,0.0,0,0,langГ—2,2,ljang,False
з„Ң,3,tshwit tswinH tswonH,,0.0,0,0,tswonHГ—1 tswinHГ—1,2,tshwit,False
дә№,2,mj+jX mwon,,0.0,0,0,mj+jXГ—1 mwonГ—1,2,mj+jX,False
зҢ—,2,'je 'jeX,,0.0,0,0,'jeXГ—2,2,'je,False
йӘӯ,2,haenH kanH,,0.0,0,0,haenHГ—2,2,kanH,False
зұ ,3,lowng luwng luwngX,,0.0,0,0,luwngГ—2,2,lowng,False
еӢқ,2,sying syingH,,0.0,0,0,syingHГ—2,2,sying,False
й¬ ,2,hwat kwajH,,0.0,0,0,kwajHГ—2,2,hwat,False
еЁ©,5,mjenX mjonH mjonX mjunH phjonH,,0.0,0,0,mjunHГ—1 mjonXГ—1,2,mjenX,False
еғҫ,2,'j+jX 'ojH,,0.0,0,0,'ojHГ—2,2,'j+jX,False
зӢғ,2,nrjuwH nrjuwX,,0.0,0,0,nrjuwXГ—2,2,nrjuwH,False
и№ў,3,drjek nreak tek,,0.0,0,0,drjekГ—2,2,nreak,False
еүҪ,2,bjiew phjiewH,,0.0,0,0,phjiewHГ—2,2,bjiew,False
иңӮ,2,buwng phjowng,,0.0,0,0,phjowngГ—2,2,buwng,False
з•¬,2,syae yo,,0.0,0,0,yoГ—2,2,syae,False
и–ң,2,bejH peak,,0.0,0,0,peakГ—1 bejHГ—1,2,bejH,False
и§і,2,huwk khaewk,,0.0,0,0,huwkГ—1 khaewkГ—1,2,huwk,False
зҰ¬,2,hwajH kwajH,,0.0,0,0,kwajHГ—2,2,hwajH,False
зҮӢ,2,tsjak tsjew,,0.0,0,0,tsjakГ—2,2,tsjew,False
иӮё,2,xit xj+t,,0.0,0,0,xitГ—2,2,xj+t,False
иғ ,3,khjaep khjo khjoH,,0.0,0,0,khjoГ—2,2,khjaep,False
йӮҜ,2,ham han,,0.0,0,0,hanГ—2,2,ham,False
жҹў,3,tej tejH tejX,,0.0,0,0,tejHГ—2,2,tej,False
и§ұ,2,hjut pjit,,0.0,0,0,pjitГ—2,2,hjut,False
йӮҙ,2,pjaengH pjaengX,,0.0,0,0,pjaengHГ—2,2,pjaengX,False
з№„,2,'ej 'ejH,,0.0,0,0,'ejГ—2,2,'ejH,False
зЁҢ,2,thu thuX,,0.0,0,0,thuXГ—2,2,thu,False
йө»,2,swinX tsywij,,0.0,0,0,tsywijГ—2,2,swinX,False
еЈһ,2,hweajH kweajH,,0.0,0,0,hweajHГ—1 kweajHГ—1,2,hweajH,False
и ҷ,2,ben bjin,,0.0,0,0,benГ—2,2,bjin,False
жұҺ,2,bjuwng phjomH,,0.0,0,0,phjomHГ—2,2,bjuwng,False
и°·,3,kuwk luwk yowk,,0.0,0,0,kuwkГ—2,2,luwk,False
зҡӨ,2,ba pa,,0.0,0,0,baГ—2,2,pa,False
жҺЁ,2,thwoj tsyhwij,,0.0,0,0,thwojГ—1 tsyhwijГ—1,2,thwoj,False
иҷ№,3,huwng kaewngH kuwngH,,0.0,0,0,huwngГ—2,2,kaewngH,False
жҗ¶,3,tshjang tshjangX tsrhjangX,,0.0,0,0,tshjangГ—2,2,tshjangX,False
з Ҙ,3,tsyeX tsyij tsyijX,,0.0,0,0,tsyijXГ—1 tsyijГ—1,2,tsyeX,False
и«Ҹ,2,tsju tsuw,,0.0,0,0,tsjuГ—2,2,tsuw,False
жқј,2,drjoX zyoX,,0.0,0,0,drjoXГ—2,2,zyoX,False
и§ҝ,2,hwej xjwie,,0.0,0,0,hwejГ—1 xjwieГ—1,2,hwej,False
зёЈ,2,hwen hwenH,,0.0,0,0,hwenГ—2,2,hwenH,False
жўұ,2,khwonX ngwon,,0.0,0,0,khwonXГ—2,2,ngwon,False
жә–,2,tsywet tsywinX,,0.0,0,0,tsywinXГ—2,2,tsywet,False
е„Ҷ,2,gjaengH kjaengX,,0.0,0,0,kjaengXГ—2,2,gjaengH,False
йҳӘ,2,baenX pjonX,,0.0,0,0,pjonXГ—1 baenXГ—1,2,baenX,False
з№«,3,hejH kejH khej,,0.0,0,0,hejHГ—2,2,kejH,False
иЈ№,2,kwaH kwaX,,0.0,0,0,kwaXГ—2,2,kwaH,False
иҳ„,4,gi gj+j gj+n kj+j,,0.0,0,0,gj+jГ—2,2,gi,False
иј»,2,pjuwH pjuwk,,0.0,0,0,pjuwkГ—2,2,pjuwH,False
иҡЎ,2,bjun bjunX,,0.0,0,0,bjunXГ—2,2,bjun,False
жҢҗ,2,nrae nrjo,,0.0,0,0,nrjoГ—2,2,nrae,False
зһҖ,2,maewk muwH,,0.0,0,0,muwHГ—2,2,maewk,False
иҝӮ,3,'ju 'juX hju,,0.0,0,0,hjuГ—2,2,'ju,False
зқҮ,2,dejH thej,,0.0,0,0,dejHГ—2,2,thej,False
зңЎ,3,dzyijH dzyijX tej,,0.0,0,0,dzyijHГ—2,2,dzyijX,False
и¶Ҡ,2,hjwot hwat,,0.0,0,0,hjwotГ—1 hwatГ—1,2,hjwot,False
жҺ ,2,ljak ljangH,,0.0,0,0,ljangHГ—2,2,ljak,False
з¶ҙ,2,trjwejH trjwet,,0.0,0,0,trjwetГ—2,2,trjwejH,False
жғ”,3,dam damH damX,,0.0,0,0,damHГ—2,2,dam,False
ж®·,2,'ean 'j+n,,0.0,0,0,'j+nГ—2,2,'ean,False
зҺј,3,dzje tshejX tshjweX,,0.0,0,0,tshjweXГ—1 tshejXГ—1,2,dzje,False
гҜә,2,haemH xamX,,0.0,0,0,xamXГ—2,2,haemH,False
и•°,3,'junH 'junX 'won,,0.0,0,0,'junXГ—2,2,'junH,False
жіҶ,2,det yit,,0.0,0,0,yitГ—2,2,det,False
зёө,2,maenH manH,,0.0,0,0,manHГ—2,2,maenH,False
з·Ё,3,pen penX pjien,,0.0,0,0,pjienГ—2,2,pen,False
зҙ”,2,dzywin tsywinX,,0.0,0,0,tsywinXГ—2,2,dzywin,False
з№ҡ,3,lew lewX ljewX,,0.0,0,0,lewXГ—2,2,lew,False
йҠҚ,2,trit tsyit,,0.0,0,0,tritГ—2,2,tsyit,False
й·©,2,pjiejH pjiet,,0.0,0,0,pjietГ—2,2,pjiejH,False
еҗҒ,2,hjuH xju,,0.0,0,0,xjuГ—2,2,hjuH,False
жҶё,4,sjem tshjem tshjemX xjemX,,0.0,0,0,sjemГ—2,2,tshjem,False
иң®,2,hwik hwok,,0.0,0,0,hwokГ—2,2,hwik,False
зёҠ,2,'ejH 'jeH,,0.0,0,0,'jeHГ—2,2,'ejH,False
жҒҗ,2,khjowngH khjowngX,,0.0,0,0,khjowngXГ—2,2,khjowngH,False
еӮӯ,2,trhjowng yowng,,0.0,0,0,yowngГ—2,2,trhjowng,False
жҷў,2,tsyejH tsyet,,0.0,0,0,tsyejHГ—2,2,tsyet,False
и—Ё,3,bjewX phaw pjew,,0.0,0,0,bjewXГ—2,2,phaw,False
жҡҙ,2,bawH buwk,,0.0,0,0,bawHГ—2,2,buwk,False
иһЈ,3,dok dong drimX,,0.0,0,0,dongГ—1 dokГ—1,2,drimX,False
иҶ ,3,kaew kaewH khaew,,0.0,0,0,kaewHГ—1 kaewГ—1,2,khaew,False
дҫ—,3,duwng thuwng thuwngX,,0.0,0,0,duwngГ—2,2,thuwng,False
з•Ӣ,2,den denH,,0.0,0,0,denГ—2,2,denH,False
жі„,2,sjet yejH,,0.0,0,0,sjetГ—2,2,yejH,False
еҲ·,2,srjwet srwaet,,0.0,0,0,srjwetГ—2,2,srwaet,False
иғһ,2,paew phaew,,0.0,0,0,phaewГ—1 paewГ—1,2,paew,False
й —,3,pha phaH phaX,,0.0,0,0,phaГ—2,2,phaH,False
и№¶,3,kjwejH kjwet kjwot,,0.0,0,0,kjwotГ—1 kjwejHГ—1,2,kjwet,False
иҶҙ,3,mju mjuX xu,,0.0,0,0,xuГ—2,2,mju,False
еҷҰ,3,'jwet 'jwot xwajH,,0.0,0,0,'jwotГ—2,2,'jwet,False
е®ӣ,2,'jwon 'jwonX,,0.0,0,0,'jwonГ—2,2,'jwonX,False
з·№,2,dej thejX,,0.0,0,0,thejXГ—2,2,dej,False
иһ”,2,sje ye,,0.0,0,0,yeГ—2,2,sje,False
жҸҗ,2,dej dzye,,0.0,0,0,dejГ—2,2,dzye,False
йЁ‘,2,phj+j pj+j,,0.0,0,0,phj+jГ—2,2,pj+j,False
ж§Һ,2,dzrae dzraeX,,0.0,0,0,dzraeXГ—2,2,dzrae,False
жӮҢ,2,dejH dejX,,0.0,0,0,dejXГ—2,2,dejH,False
жӯғ,2,sreap srjep,,0.0,0,0,sreapГ—2,2,srjep,False
з…Ұ,2,xjuH xjuX,,0.0,0,0,xjuHГ—1 xjuXГ—1,2,xjuH,False
жҙ®,2,thaw yew,,0.0,0,0,thawГ—2,2,yew,False
еҒҸ,2,phjien phjienH,,0.0,0,0,phjienГ—2,2,phjienH,False
зӣҺ,2,'angH 'angX,,0.0,0,0,'angHГ—2,2,'angX,False
е…Ҳ,2,sen senH,,0.0,0,0,senHГ—2,2,sen,False
ж№«,4,dzjuwX tsewX tshjuw tsjuw,,0.0,0,0,tshjuwГ—2,2,dzjuwX,False
й‘ҡ,2,tswan tswanH,,0.0,0,0,tswanГ—2,2,tswanH,False
з•ӣ,2,tsyin tsyinX,,0.0,0,0,tsyinXГ—2,2,tsyin,False
йҡҲ,2,'woj 'wojH,,0.0,0,0,'wojГ—2,2,'wojH,False
еҪҲ,2,dan danH,,0.0,0,1,danГ—2,2,danH,False
йҹ—,2,hjunH xjwonH,,0.0,0,0,hjunHГ—2,2,xjwonH,False
йҗ”,3,dom yim zim,,0.0,0,0,domГ—1 yimГ—1,2,zim,False
йҗІ,2,draewk dzyowk,,0.0,0,0,draewkГ—2,2,dzyowk,False
з¶Ә,2,tshenH tsreang,,0.0,0,0,tsreangГ—1 tshenHГ—1,2,tshenH,False
иҚҺ,2,det drij,,0.0,0,0,detГ—2,2,drij,False
еЁ¶,2,sju tshjuH,,0.0,0,0,tshjuHГ—2,2,sju,False
жӨ‘,4,bej bek bjiek pjie,,0.0,0,0,bekГ—2,2,bej,False
иҮһ,2,gju gjuH,,0.0,0,0,gjuГ—2,2,gjuH,False
йӮҖ,2,'jiew kew,,0.0,0,0,kewГ—2,2,'jiew,False
иңј,3,lwijX yuwH ywijH,,0.0,0,0,lwijXГ—2,2,yuwH,False
з№»,2,nyu sju,,0.0,0,0,sjuГ—2,2,nyu,False
иіҲ,3,kaeH kaeX kuX,,0.0,0,0,kuXГ—1 kaeHГ—1,2,kaeX,False
иҫЁ,2,beanH bjenX,,0.0,0,0,bjenXГ—2,2,beanH,False
жҹһ,2,dzak tsak,,0.0,0,0,tsakГ—2,2,dzak,False
зӘҶ,2,pjemH pongH,,0.0,0,0,pjemHГ—2,2,pongH,False
жҠү,2,'wet kwet,,0.0,0,0,'wetГ—1,1,kwet,False
еӮҚ,2,bang bangH,,0.0,0,0,bangГ—1,1,bangH,False
з”ә,4,dengX thenX theng thengX,,0.0,0,0,thenXГ—1,1,dengX,False
еҲң,2,bjut phjut,,0.0,0,0,phjutГ—1,1,bjut,False
зҮҫ,2,daw dawH,,0.0,0,0,dawHГ—1,1,daw,False
йё’,2,yo yoH,,0.0,0,0,yoHГ—1,1,yo,False
жӘҮ,3,dzwoj tswij tswijH,,0.0,0,0,tswijHГ—1,1,dzwoj,False
иҠҳ,2,bjij bjijH,,0.0,0,0,bjijГ—1,1,bjijH,False
еҚҖ,2,'uw khju,,0.0,0,0,khjuГ—1,1,'uw,False
иҮЁ,2,lim limH,,0.0,0,2,limHГ—1,1,lim,False
еЎ—,2,drae du,,0.0,0,0,duГ—1,1,drae,False
жҪў,2,hwang hwangH,,0.0,0,0,hwangГ—1,1,hwangH,False
е•—,2,damH damX,,0.0,0,0,damXГ—1,1,damH,False
жЈә,2,kwan kwanH,,0.0,0,1,kwanГ—1,1,kwanH,False
жқ»,2,nrjuwX trhjuwX,,0.0,0,0,nrjuwXГ—1,1,trhjuwX,False
зһӯ,2,lew lewX,,0.0,0,0,lewXГ—1,1,lew,False
жҶғ,3,syowng trhaewng trhjowngH,,0.0,0,0,syowngГ—1,1,trhaewng,False
зңӮ,2,dzye dzyijH,,0.0,0,0,dzyijHГ—1,1,dzye,False
жҳ„,3,baenX paenX panX,,0.0,0,0,baenXГ—1,1,paenX,False
и„•,3,mjonH mjonX mjunH,,0.0,0,0,mjunHГ—1,1,mjonH,False
и„ў,2,mwoj mwojH,,0.0,0,0,mwojГ—1,1,mwojH,False
з¶ё,2,kwean lwin,,0.0,0,0,lwinГ—1,1,kwean,False
зң…,2,phaen phaenX,,0.0,0,0,phaenXГ—1,1,phaen,False
жҺғ,2,sawH sawX,,0.0,0,0,sawHГ—1,1,sawX,False
и№»,5,gjak gjew khjiew kjak kjewX,,0.0,0,0,kjakГ—1,1,gjak,False
й§°,2,'in 'jin,,0.0,0,0,'inГ—1,1,'jin,False
жұҷ,2,'uH hju,,0.0,0,0,'uHГ—1,1,hju,False
зғҹ,2,'en 'jin,,0.0,0,0,'jinГ—1,1,'en,False
г Җ,2,tawX tewX,,0.0,0,0,tawXГ—1,1,tewX,False
и…Ұ,2,nawH nawX,,0.0,0,0,nawXГ—1,1,nawH,False
йҶ’,3,seng sengH sengX,,0.0,0,0,sengXГ—1,1,seng,False
зёҗ,2,tsrhaewH tsrjuwH,,0.0,0,0,tsrjuwHГ—1,1,tsrhaewH,False
е»–,2,lew ljuwH,,0.0,0,0,lewГ—1,1,ljuwH,False
зЁ°,2,sjo sjoX,,0.0,0,0,sjoXГ—1,1,sjo,False
е°„,4,yaeH yek zyaeH zyek,,0.0,0,0,yekГ—1,1,yaeH,False
жІҪ,3,ku kuH kuX,,0.0,0,0,kuГ—1,1,kuH,False
жңә,2,kij kijX,,0.0,0,0,kijXГ—1,1,kij,False
зөң,2,het ket,,0.0,0,0,ketГ—1,1,het,False
жЁ…,2,tshjowng tsjowng,,0.0,0,0,tshjowngГ—1,1,tsjowng,False
еҚ·,4,gjwen gjwonX kjwenH kjwenX,,0.0,0,0,gjwenГ—1,1,gjwonX,False
иҪӣ,2,trwijH twojH,,0.0,0,0,twojHГ—1,1,trwijH,False
йјҗ,2,nojH nojX,,0.0,0,0,nojHГ—1,1,nojX,False
е·Ӣ,2,khwij khwijX,,0.0,0,0,khwijXГ—1,1,khwij,False
зғӢ,2,xaew xjiw,,0.0,0,0,xaewГ—1,1,xjiw,False
жҹҡ,2,drjuwk yuwH,,0.0,0,0,drjuwkГ—1,1,yuwH,False
зҖҫ,2,lan lanH,,0.0,0,0,lanHГ—1,1,lan,False
з§Ҹ,2,xawH xwojH,,0.0,0,0,xawHГ—1,1,xwojH,False
й¬Ҳ,2,gjwen khjwen,,0.0,0,0,gjwenГ—1,1,khjwen,False
зҲқ,3,dzjak tsjak tsjewH,,0.0,0,0,tsjakГ—1,1,dzjak,False
и“Ӯ,2,mek meng,,0.0,0,0,mengГ—1,1,mek,False
ејӮ,2,yi yiH,,0.0,0,0,yiHГ—1,1,yi,False
жҡө,2,xanH xanX,,0.0,0,0,xanXГ—1,1,xanH,False
ж„Җ,2,dzjuwX tshjewX,,0.0,0,0,tshjewXГ—1,1,dzjuwX,False
еҚү,2,xjw+jH xjw+jX,,0.0,0,0,xjw+jHГ—1,1,xjw+jX,False
зҙҫ,2,trjenX tsyinX,,0.0,0,0,tsyinXГ—1,1,trjenX,False
йҡӢ,2,thwaX zjwe,,0.0,0,0,thwaXГ—1,1,zjwe,False
з№і,3,heak kewX tsyak,,0.0,0,0,tsyakГ—1,1,heak,False
йҹқ,2,khuw kuw,,0.0,0,0,khuwГ—1,1,kuw,False
иЎ—,2,kea keaj,,0.0,0,0,keaГ—1,1,keaj,False
й§Ј,3,daw dawX drjewX,,0.0,0,0,drjewXГ—1,1,daw,False
йҮ—,2,kew tsyew,,0.0,0,0,kewГ—1,1,tsyew,False
з№”,2,tsyiH tsyik,,0.0,0,0,tsyiHГ—1,1,tsyik,False
йЈІ,2,'imH 'imX,,0.0,0,0,'imHГ—1,1,'imX,False
иҷө,3,yaeX ye zyae,,0.0,0,0,yeГ—1,1,yaeX,False
зҗҮ,2,sjuwH yuwX,,0.0,0,0,sjuwHГ—1,1,yuwX,False
жҝҖ,2,kek kewH,,0.0,0,0,kekГ—1,1,kewH,False
иҳһ,3,ljem ljemX xjaem,,0.0,0,0,ljemГ—1,1,ljemX,False
и«һ,3,bjenX bjien bjienX,,0.0,0,0,bjenXГ—1,1,bjien,False
жёҙ,2,gjet khat,,0.0,0,0,khatГ—1,1,gjet,False
еӢ ,3,ljuw ljuwH ljuwk,,0.0,0,0,ljuwkГ—1,1,ljuw,False
е–¬,2,gjew kjew,,0.0,0,0,gjewГ—1,1,kjew,False
йғҮ,2,hwaen swin,,0.0,0,0,swinГ—1,1,hwaen,False
з’Ҷ,2,gjiw gjuw,,0.0,0,0,gjiwГ—1,1,gjuw,False
дҫҝ,2,bjenH bjien,,0.0,0,0,bjienГ—1,1,bjenH,False
й„җ,2,trhjuwk xjuwk,,0.0,0,0,xjuwkГ—1,1,trhjuwk,False
иҸҸ,2,ha ka,,0.0,0,0,kaГ—1,1,ha,False
е•ң,5,dzywejH dzywet trjwejH trjwet tsyhwet,,0.0,0,0,trjwetГ—1,1,dzywejH,False
жҹ“,2,nyemH nyemX,,0.0,0,0,nyemXГ—1,1,nyemH,False
иӨҡ,2,trhjoX trjoX,,0.0,0,0,trjoXГ—1,1,trhjoX,False
и”һ,3,lju ljuX luw,,0.0,0,0,ljuXГ—1,1,lju,False
иҚ·,2,ha haX,,0.0,0,0,haXГ—1,1,ha,False
з№Ҷ,4,mjiw mjiwH mjuw mjuwk,,0.0,0,0,mjiwHГ—1,1,mjiw,False
иҘҲ,2,dzrjwenH gjwenH,,0.0,0,0,dzrjwenHГ—1,1,gjwenH,False
иЈҒ,2,dzoj dzojH,,0.0,0,0,dzojHГ—1,1,dzoj,False
жҘ„,2,ben bjien,,0.0,0,0,benГ—1,1,bjien,False
йұ’,2,dzwonH dzwonX,,0.0,0,0,dzwonXГ—1,1,dzwonH,False
ж·ў,2,hwik xwik,,0.0,0,0,xwikГ—1,1,hwik,False
ж•—,2,baejH paejH,,0.0,0,0,paejHГ—1,1,baejH,False
иӣҫ,2,nga ngjeX,,0.0,0,0,ngjeXГ—1,1,nga,False
дҹҪ,2,srjo srjoH,,0.0,0,0,srjoГ—1,1,srjoH,False
её‘,2,nu thangX,,0.0,0,0,nuГ—1,1,thangX,False
жІ«,2,majH mat,,0.0,0,0,matГ—1,1,majH,False
йҒ©,3,syek tek tsyek,,0.0,0,0,tekГ—1,1,syek,False
е’Ө,2,trae traeH,,0.0,0,0,traeHГ—1,1,trae,False
еӣ·,3,gwinX khwin phin,,0.0,0,0,khwinГ—1,1,gwinX,False
и”Ұ,2,tewH tewX,,0.0,0,0,tewXГ—1,1,tewH,False
жӢ®,2,ket kjit,,0.0,0,0,kjitГ—1,1,ket,False
з‘Ғ,3,mawH mowk mwojH,,0.0,0,0,mawHГ—1,1,mowk,False
жҺ”,2,khean khen,,0.0,0,0,khenГ—1,1,khean,False
жү”,2,nying nyingH,,0.0,0,0,nyingГ—1,1,nyingH,False
еӨ§,2,daH dajH,,0.0,0,0,daHГ—1,1,dajH,False
еЈ…,2,'jowng 'jowngX,,0.0,0,0,'jowngXГ—1,1,'jowng,False
ж“ү,2,trhaewk tsrhaewk,,0.0,0,0,tsrhaewkГ—1,1,trhaewk,False
йғ«,3,bea bje bjie,,0.0,0,0,bjeГ—1,1,bea,False
жӮқ,2,khwoj liX,,0.0,0,0,khwojГ—1,1,liX,False
ж§Қ,2,tshjang tsrhaeng,,0.0,0,0,tshjangГ—1,1,tsrhaeng,False
е ө,2,tsyaeX tuX,,0.0,0,0,tuXГ—1,1,tsyaeX,False
жҖ’,2,nuH nuX,,0.0,0,0,nuHГ—1,1,nuX,False
жҠҚ,2,sying tsyingX,,0.0,0,0,tsyingXГ—1,1,sying,False
й—Қ,2,dzyae tu,,0.0,0,0,tuГ—1,1,dzyae,False
й¬Ӣ,3,tsjen tsjenH tsjenX,,0.0,0,0,tsjenXГ—1,1,tsjen,False
еҰ»,2,tshej tshejH,,0.0,0,0,tshejHГ—1,1,tshej,False
жұ—,3,han hanH kan,,0.0,0,0,hanHГ—1,1,han,False
е”Ҳ,2,'ip 'op,,0.0,0,0,'opГ—1,1,'ip,False
иҹӢ,2,sit srit,,0.0,0,0,sitГ—1,1,srit,False
й©Ә,2,lej lje,,0.0,0,0,ljeГ—1,1,lej,False
жҫ¶,3,danH drjen dzyen,,0.0,0,0,danHГ—1,1,drjen,False
еҸӘ,2,tsye tsyeX,,0.0,0,0,tsyeXГ—1,1,tsye,False
ж’°,2,dzrjwenX dzrwaenX,,0.0,0,0,dzrjwenXГ—1,1,dzrwaenX,False
зҪӢ,2,'jowng 'uwngH,,0.0,0,0,'uwngHГ—1,1,'jowng,False
иҘ®,2,pak powk,,0.0,0,0,powkГ—1,1,pak,False
йҚј,2,gjem tsyim,,0.0,0,0,tsyimГ—1,1,gjem,False
йҗҗ,2,lew lewH,,0.0,0,0,lewГ—1,1,lewH,False
зё“,2,tshjwen tshjwenH,,0.0,0,0,tshjwenHГ—1,1,tshjwen,False
жһі,2,kjieX tsyeX,,0.0,0,0,tsyeXГ—1,1,kjieX,False
ж’®,2,tshwat tswat,,0.0,0,0,tshwatГ—1,1,tswat,False
зҝҝ,2,daw dawH,,0.0,0,0,dawHГ—1,1,daw,False
жўЎ,3,hwan hwanX khwanX,,0.0,0,0,khwanXГ—1,1,hwan,False
з¶ғ,2,sjew sraew,,0.0,0,0,sjewГ—1,1,sraew,False
й¬ө,3,dzim dzjem zim,,0.0,0,0,dzimГ—1,1,dzjem,False
иһҳ,2,ngj+jX ngjeX,,0.0,0,0,ngjeXГ—1,1,ngj+jX,False
е°Ң,2,drjuH dzyuH,,0.0,0,0,dzyuHГ—1,1,drjuH,False
е…ј,2,kem kemH,,0.0,0,0,kemГ—1,1,kemH,False
и©•,2,bjaeng bjaengH,,0.0,0,0,bjaengHГ—1,1,bjaeng,False
иқҖ,2,tuwng tuwngX,,0.0,0,0,tuwngXГ—1,1,tuwng,False
и “,2,muwng muwngX,,0.0,0,0,muwngXГ—1,1,muwng,False
еҗҹ,2,ngim ngimH,,0.0,0,1,ngimГ—1,1,ngimH,False
жөҘ,3,'eap 'ip 'jaep,,0.0,0,0,'ipГ—1,1,'eap,False
жҙһ,2,duwng duwngH,,0.0,0,0,duwngHГ—1,1,duwng,False
и·Ӯ,3,gjie khjeH khjieX,,0.0,0,0,khjeHГ—1,1,gjie,False
е·Ұ,2,tsaH tsaX,,0.0,0,0,tsaHГ—1,1,tsaX,False
еұҚ,2,syij syijH,,0.0,0,0,syijГ—1,1,syijH,False
жӣҸ,4,syangH syangX xjangH xjangX,,0.0,0,0,xjangHГ—1,1,syangH,False
и№Ӯ,3,njuw nyuwH nyuwX,,0.0,0,0,njuwГ—1,1,nyuwH,False
йҠҡ,3,dewH thew yew,,0.0,0,0,yewГ—1,1,dewH,False
еұҺ,2,syijX xjij,,0.0,0,0,xjijГ—1,1,syijX,False
жҸ„,4,duw duwX yu yuw,,0.0,0,0,yuwГ—1,1,duw,False
е§Ў,2,hwaet hwat,,0.0,0,0,hwaetГ—1,1,hwat,False
зҶ ,2,hip yip,,0.0,0,0,yipГ—1,1,hip,False
е–‘,3,'im 'imH 'om,,0.0,0,0,'imHГ—1,1,'im,False
е’®,4,trjuH trjuw trjuwH tsyu,,0.0,0,0,trjuwHГ—1,1,trjuH,False
ж·№,2,'jem 'jomH,,0.0,0,0,'jemГ—1,1,'jomH,False
еҰҒ,2,dzyak tsyak,,0.0,0,0,tsyakГ—1,1,dzyak,False
йӨһ,2,dzjenH dzjenX,,0.0,0,0,dzjenXГ—1,1,dzjenH,False
еҠҖ,2,kwaet kweat,,0.0,0,0,kweatГ—1,1,kwaet,False
иј№,2,bjuwk pjuwk,,0.0,0,0,bjuwkГ—1,1,pjuwk,False
жү“,2,taengX tengX,,0.0,0,0,tengXГ—1,1,taengX,False
ж…№,4,dzip nep tsyep tsyip,,0.0,0,0,nepГ—1,1,dzip,False
зјә,2,khjwiet khwet,,0.0,0,0,khwetГ—1,1,khjwiet,False
з–•,3,phijX phjieX pjijX,,0.0,0,0,phjieXГ—1,1,phijX,False
ж‘¶,2,drjwenX dwan,,0.0,0,0,dwanГ—1,1,drjwenX,False
иҫҙ,3,trhij trhin trhinX,,0.0,0,0,trhinXГ—1,1,trhij,False
иӢҫ,2,bet bjit,,0.0,0,0,betГ—1,1,bjit,False
еүҜ,3,phjuwH phjuwk phwik,,0.0,0,1,phjuwHГ—1,1,phjuwk,False
ж·°,3,nemX nreamX syimX,,0.0,0,0,syimXГ—1,1,nemX,False
йӣҚ,2,'jowng 'jowngH,,0.0,0,0,'jowngГ—1,1,'jowngH,False
е®ҡ,2,dengH tengH,,0.0,0,0,tengHГ—1,1,dengH,False
еҷҙ,2,phwon phwonH,,0.0,0,0,phwonHГ—1,1,phwon,False
з…Һ,2,tsjen tsjenH,,0.0,0,0,tsjenГ—1,1,tsjenH,False
иҸІ,3,bj+jH phj+j phj+jX,,0.0,0,0,bj+jHГ—1,1,phj+j,False
и¶ј,3,kenX ngen ngenH,,0.0,0,0,kenXГ—1,1,ngen,False
жӢ“,2,thak tsyek,,0.0,0,0,thakГ—1,1,tsyek,False
ж–®,2,tsraewk tsrjak,,0.0,0,0,tsrjakГ—1,1,tsraewk,False
еҠҫ,3,hojH hok kheajH,,0.0,0,0,hojHГ—1,1,hok,False
ж©Ҳ,2,nraewH nyew,,0.0,0,0,nraewHГ—1,1,nyew,False
жққ,3,drjeX trhjeX ye,,0.0,0,0,yeГ—1,1,drjeX,False
йҮҝ,2,kj+n nginX,,0.0,0,0,kj+nГ—1,1,nginX,False
зҰҒ,2,kim kimH,,0.0,0,0,kimHГ—1,1,kim,False
зғҳ,3,huwngH xuwng xuwngH,,0.0,0,0,xuwngГ—1,1,huwngH,False
йҪҺ,2,tsej tsij,,0.0,0,0,tsijГ—1,1,tsej,False
йҶ·,2,'iX 'ik,,0.0,0,0,'iXГ—1,1,'ik,False
жҘҖ,2,hjuX kjuX,,0.0,0,0,kjuXГ—1,1,hjuX,False
ж’Ө,2,drjet trhjet,,0.0,0,0,drjetГ—1,1,trhjet,False
еҢң,2,ye yeX,,0.0,0,0,yeГ—1,1,yeX,False
йЎҲ,2,henX khwengX,,0.0,0,0,khwengXГ—1,1,henX,False
зҢұ,2,naw nrjuwH,,0.0,0,0,nawГ—1,1,nrjuwH,False
й‘Ӣ,2,khengH khjieng,,0.0,0,0,khengHГ—1,1,khjieng,False
з“ ,2,hu huH,,0.0,0,0,huHГ—1,1,hu,False
еҫҢ,2,huwH huwX,,0.0,0,0,huwHГ—1,1,huwX,False
йҡ„,2,dej tej,,0.0,0,0,tejГ—1,1,dej,False
ж“·,2,het xet,,0.0,0,0,hetГ—1,1,xet,False
и”Җ,2,buwX phuwX,,0.0,0,0,buwXГ—1,1,phuwX,False
з•Ө,3,driX dzyiX tsiX,,0.0,0,0,tsiXГ—1,1,driX,False
з ®,2,nu nuX,,0.0,0,0,nuГ—1,1,nuX,False
йқ·,2,yinH yinX,,0.0,0,0,yinHГ—1,1,yinX,False
иҺ–,2,'eang heang,,0.0,0,0,heangГ—1,1,'eang,False
иқғ,2,tejH tsywet,,0.0,0,0,tejHГ—1,1,tsywet,False
жҪҰ,2,lawH lawX,,0.0,0,0,lawXГ—1,1,lawH,False
зҝ№,2,gjiew gjiewH,,0.0,0,0,gjiewHГ—1,1,gjiew,False
и«Ӣ,3,dzjeng dzjengH tshjengX,,0.0,0,0,tshjengXГ—1,1,dzjeng,False
й¶„,2,tsheng tsjeng,,0.0,0,0,tsjengГ—1,1,tsheng,False
еҲә,2,tshjeH tshjek,,0.0,0,0,tshjekГ—1,1,tshjeH,False
жҜҡ,2,dzraem dzream,,0.0,0,0,dzreamГ—1,1,dzraem,False
еҗ‘,2,syangH xjangH,,0.0,0,0,xjangHГ—1,1,syangH,False
з№ҳ,2,kjwit ywit,,0.0,0,0,kjwitГ—1,1,ywit,False
жіӯ,2,bju phju,,0.0,0,0,phjuГ—1,1,bju,False
зһ‘,3,men menH meng,,0.0,0,0,menHГ—1,1,men,False
ж•Ј,2,sanH sanX,,0.0,0,0,sanHГ—1,1,sanX,False
з§‘,2,khwa khwaH,,0.0,0,0,khwaГ—1,1,khwaH,False
жЎӢ,2,dej yij,,0.0,0,0,yijГ—1,1,dej,False
и“§,2,dek thew,,0.0,0,0,dekГ—1,1,thew,False
иӯҡ,2,dom domX,,0.0,0,0,domГ—1,1,domX,False
еҰғ,2,phj+j phwojH,,0.0,0,0,phwojHГ—1,1,phj+j,False
еғҺ,3,dzrjwenH dzrjwenX tswin,,0.0,0,0,tswinГ—1,1,dzrjwenH,False
ж„һ,3,nwaH nwanH nywenX,,0.0,0,0,nwanHГ—1,1,nwaH,False
еҢҜ,2,hwojX khweaj,,0.0,0,0,hwojXГ—1,1,khweaj,False
еЎЎ,4,den denH trin trinH,,0.0,0,0,denГ—1,1,denH,False
иҫҹ,3,bjiek phjiek pjiek,,0.0,0,0,pjiekГ—1,1,bjiek,False
д”°,2,phjuwk pjuwH,,0.0,0,0,pjuwHГ—1,1,phjuwk,False
е©Ө,2,trhjuw tsyuw,,0.0,0,0,tsyuwГ—1,1,trhjuw,False
и–ә,2,dzejX dzij,,0.0,0,0,dzejXГ—1,1,dzij,False
и Ҝ,3,bea beangX bjie,,0.0,0,0,beaГ—1,1,beangX,False
жӢІ,2,kjowk kjowngX,,0.0,0,0,kjowngXГ—1,1,kjowk,False
йӨ§,2,'jweH nwojX,,0.0,0,0,'jweHГ—1,1,nwojX,False
еҪ—,4,hjwejH sjwejH zjwejH zwijH,,0.0,0,0,zjwejHГ—1,1,hjwejH,False
е„—,4,ngiH ngiX ngojH xojH,,0.0,0,0,ngiXГ—1,1,ngiH,False
дё°,2,keajH phjowng,,0.0,0,0,phjowngГ—1,1,keajH,False
еңҜ,2,bijX yi,,0.0,0,0,bijXГ—1,1,yi,False
иҢҖ,2,phjut pj+jH,,0.0,0,0,pj+jHГ—1,1,phjut,False
ж°Ӯ,2,li maw,,0.0,0,0,liГ—1,1,maw,False
дҝ”,2,henX khenH,,0.0,0,0,khenHГ—1,1,henX,False
зёҶ,2,kong kongH,,0.0,0,0,kongHГ—1,1,kong,False
зҖҸ,2,ljuw ljuwX,,0.0,0,0,ljuwГ—1,1,ljuwX,False
ж“”,2,tam tamH,,0.0,0,0,tamГ—1,1,tamH,False
и—җ,2,maewk mjewX,,0.0,0,0,mjewXГ—1,1,maewk,False
иҪҡ,2,kejH kek,,0.0,0,0,kekГ—1,1,kejH,False
и“Ӣ,3,hap kajH kap,,0.0,0,0,hapГ—1,1,kajH,False
иј ,4,hwaX hwaeX hwojX kwaX,,0.0,0,0,hwojXГ—1,1,hwaX,False
еҖҹ,2,tsjaeH tsjek,,0.0,0,0,tsjekГ—1,1,tsjaeH,False
йҗ»,3,gjo gjoX kjoH,,0.0,0,0,kjoHГ—1,1,gjo,False
ж»„,2,tshang tsrhjangH,,0.0,0,0,tshangГ—1,1,tsrhjangH,False
еқҗ,2,dzwaH dzwaX,,0.0,0,0,dzwaHГ—1,1,dzwaX,False
жј•,2,dzaw dzawH,,0.0,0,0,dzawГ—1,1,dzawH,False
й¬·,2,tsuwng tsuwngX,,0.0,0,0,tsuwngГ—1,1,tsuwngX,False
ж—„,2,maw mawH,,0.0,0,0,mawHГ—1,1,maw,False
йҒ’,2,dzjuw tsjuw,,0.0,0,0,dzjuwГ—1,1,tsjuw,False
жҷӣ,2,henX nenH,,0.0,0,0,nenHГ—1,1,henX,False
ж°җ,2,tej trij,,0.0,0,0,tejГ—1,1,trij,False
жӨҢ,2,khaewng khuwng,,0.0,0,0,khaewngГ—1,1,khuwng,False
зЎҺ,2,heng khaeng,,0.0,0,0,hengГ—1,1,khaeng,False
жңҸ,3,phj+jX phojX phwojH,,0.0,0,0,phj+jXГ—1,1,phojX,False
и®’,3,dzraem dzraemH dzream,,0.0,0,0,dzreamГ—1,1,dzraem,False
йөҙ,2,gjuwk kjuwk,,0.0,0,0,kjuwkГ—1,1,gjuwk,False
йҰҜ,2,hanH khaen,,0.0,0,0,hanHГ—1,1,khaen,False
иҺ©,2,bjewX phju,,0.0,0,0,phjuГ—1,1,bjewX,False
е¶·,2,ngi ngik,,0.0,0,0,ngikГ—1,1,ngi,False
жҸң,2,'amX 'jemX,,0.0,0,0,'jemXГ—1,1,'amX,False
иҸ©,4,bjuwX bojX bok bu,,0.0,0,0,bjuwXГ—1,1,bojX,False
зҪ¬,2,kjwet trjwet,,0.0,0,0,trjwetГ—1,1,kjwet,False
зҠҘ,2,phjewX phjiew,,0.0,0,0,phjewXГ—1,1,phjiew,False
иҪү,2,trjwenH trjwenX,,0.0,0,0,trjwenHГ—1,1,trjwenX,False
зҒү,2,'jowng 'jowngH,,0.0,0,0,'jowngГ—1,1,'jowngH,False
жұ¶,3,min mjun mjunH,,0.0,0,0,mjunHГ—1,1,min,False
зӢ·,2,kjwienH kwenH,,0.0,0,0,kjwienHГ—1,1,kwenH,False
йҷ¬,3,tsju tsrjuw tsuw,,0.0,0,0,tsuwГ—1,1,tsju,False
зЈҢ,2,den tsyin,,0.0,0,0,tsyinГ—1,1,den,False
ж¬Ӯ,3,beak bjaek pak,,0.0,0,0,beakГ—1,1,bjaek,False
йҳ»,2,tsrjoH tsrjoX,,0.0,0,0,tsrjoXГ—1,1,tsrjoH,False
е”«,2,gimX ngim,,0.0,0,0,ngimГ—1,1,gimX,False
и»·,2,bajH bat,,0.0,0,0,batГ—1,1,bajH,False
е«ү,2,dzijH dzit,,0.0,0,0,dzitГ—1,1,dzijH,False
иҺӣ,2,deng dengX,,0.0,0,0,dengГ—1,1,dengX,False
з·Һ,2,hwik xwik,,0.0,0,0,hwikГ—1,1,xwik,False
и¬‘,3,hejX xaeH xeaH,,0.0,0,0,hejXГ—1,1,xaeH,False
иў·,2,keap kjaep,,0.0,0,0,keapГ—1,1,kjaep,False
зЎ©,2,thek trhjet,,0.0,0,0,thekГ—1,1,trhjet,False
еҰё,2,'a 'aX,,0.0,0,0,'aГ—1,1,'aX,False
жӣј,2,man mjonH,,0.0,0,0,mjonHГ—1,1,man,False
и·Ё,4,khuH khwae khwaeH khwaeX,,0.0,0,0,khwaeHГ—1,1,khuH,False
жқ·,3,bae baeH beaH,,0.0,0,0,baeГ—1,1,baeH,False
жӨҗ,3,khjo kjo kjoH,,0.0,0,0,khjoГ—1,1,kjo,False
жЁ»,2,gwijH khwijH,,0.0,0,0,khwijHГ—1,1,gwijH,False
зҰЁ,2,kj+j kj+jH,,0.0,0,0,kj+jHГ—1,1,kj+j,False
иӯҳ,2,syik tsyiH,,0.0,0,0,syikГ—1,1,tsyiH,False
з°Ә,2,tsom tsrim,,0.0,0,0,tsrimГ—1,1,tsom,False
г§Ғ,4,hap khjoH khop kop,,0.0,0,0,khjoHГ—1,1,hap,False
ејө,2,trjang trjangH,,0.0,0,0,trjangHГ—1,1,trjang,False
жұЁ,2,kwot mek,,0.0,0,0,kwotГ—1,1,mek,False
е—Ҫ,3,sraewk suwH suwk,,0.0,0,0,suwHГ—1,1,sraewk,False
иңЎ,2,dzraeH tshjoH,,0.0,0,0,dzraeHГ—1,1,tshjoH,False
иӨ¶,3,dep dzyip zip,,0.0,0,0,depГ—1,1,dzyip,False
з©Ҫ,2,dzjengH dzjengX,,0.0,0,0,dzjengHГ—1,1,dzjengX,False
е®ҙ,2,'enH 'enX,,0.0,0,0,'enHГ—1,1,'enX,False
жўҗ,2,bejX pej,,0.0,0,0,bejXГ—1,1,pej,False
ијң,2,tsrhi tsri,,0.0,0,0,tsriГ—1,1,tsrhi,False
и¬ҫ,5,maen maenH man manH mjien,,0.0,0,0,manHГ—1,1,maen,False
жҙё,2,'wang kwang,,0.0,0,0,kwangГ—1,1,'wang,False
и·Ә,2,gjweX khjweX,,0.0,0,0,gjweXГ—1,1,khjweX,False
иҲ¬,4,ban paen pan pat,,0.0,0,0,banГ—1,1,paen,False
иҰҒ,2,'jiew 'jiewH,,0.0,0,0,'jiewHГ—1,1,'jiew,False
йўЁ,2,pjuwng pjuwngH,,0.0,0,0,pjuwngHГ—1,1,pjuwng,False
ж„ҙ,2,tsrhjangH tsrhjangX,,0.0,0,0,tsrhjangHГ—1,1,tsrhjangX,False
иҚ‘,2,dej yij,,0.0,0,0,dejГ—1,1,yij,False
иәӢ,2,tsej tsejH,,0.0,0,0,tsejГ—1,1,tsejH,False
е»һ,2,xim ximX,,0.0,0,0,ximГ—1,1,ximX,False
йҶҶ,2,tsreanX tsyenX,,0.0,0,0,tsreanXГ—1,1,tsyenX,False
жҘў,2,tsyhewX yuw,,0.0,0,0,yuwГ—1,1,tsyhewX,False
зҲҡ,2,syak yak,,0.0,0,0,yakГ—1,1,syak,False
еҝқ,2,themH themX,,0.0,0,0,themXГ—1,1,themH,False
зҜ§,2,dzraewk tsraewk,,0.0,0,0,dzraewkГ—1,1,tsraewk,False
й¶»,3,hweat hwot kwot,,0.0,0,0,kwotГ—1,1,hweat,False
жҖЁ,2,'jwon 'jwonH,,0.0,0,0,'jwonГ—1,1,'jwonH,False
еұҲ,2,khjut kjut,,0.0,0,0,khjutГ—1,1,kjut,False
ж‘ё,2,mak mu,,0.0,0,0,muГ—1,1,mak,False
иқҚ,3,tset tsik tsit,,0.0,0,0,tsikГ—1,1,tset,False
жҷҸ,2,'aenH 'anH,,0.0,0,0,'aenHГ—1,1,'anH,False
ж“җ,2,hwaenH kwaen,,0.0,0,0,hwaenHГ—1,1,kwaen,False
иҠҗ,2,haeH huX,,0.0,0,0,haeHГ—1,1,huX,False
зёҒ,2,ywen ywenH,,0.0,0,0,ywenHГ—1,1,ywen,False
иҖЎ,2,dzrjo dzrjoH,,0.0,0,0,dzrjoHГ—1,1,dzrjo,False
з”—,3,ngjenH ngjenX ngjon,,0.0,0,0,ngjenXГ—1,1,ngjenH,False
жҝ©,3,'waek huH hwak,,0.0,0,0,hwakГ—1,1,'waek,False
и”ҡ,2,'jut 'jw+jH,,0.0,0,0,'jutГ—1,1,'jw+jH,False
жһҮ,3,bjij bjijH pjijX,,0.0,0,0,pjijXГ—1,1,bjij,False
еҸ¬,2,drjewH dzyewH,,0.0,0,0,dzyewHГ—1,1,drjewH,False
ијҫ,2,nrjenH trjenX,,0.0,0,0,trjenXГ—1,1,nrjenH,False
жҡҚ,2,'jot xat,,0.0,0,0,'jotГ—1,1,xat,False
з§ ,4,phij phijX phjuw phjuwX,,0.0,0,0,phijXГ—1,1,phij,False
йҚҘ,2,ket khet,,0.0,0,0,khetГ—1,1,ket,False
жҫҶ,2,kew ngewH,,0.0,0,0,kewГ—1,1,ngewH,False
йҢһ,3,dwojH dwojX dzywin,,0.0,0,0,dzywinГ—1,1,dwojH,False
иҠҫ,3,pajH pj+jH pjut,,0.0,0,0,pj+jHГ—1,1,pajH,False
зҠӮ,2,lej lij,,0.0,0,0,lijГ—1,1,lej,False
иҷ–,3,hu xju xu,,0.0,0,0,xuГ—1,1,hu,False
жҸІ,4,dep sep yep zyet,,0.0,0,0,zyetГ—1,1,dep,False
зҚә,2,that trhaet,,0.0,0,0,thatГ—1,1,trhaet,False
е—ғ,3,xaew xaewH xak,,0.0,0,0,xaewГ—1,1,xaewH,False
зЈӢ,2,tsha tshaH,,0.0,0,0,tshaГ—1,1,tshaH,False
жүі,2,paen phaen,,0.0,0,0,phaenГ—1,1,paen,False
зўһ,2,ngeam ngim,,0.0,0,0,ngeamГ—1,1,ngim,False
зҘӢ,2,twajH twat,,0.0,0,0,twajHГ—1,1,twat,False
иҘў,3,danX trjenH trjenX,,0.0,0,0,danXГ—1,1,trjenH,False
й®Ҙ,2,lak ngaek,,0.0,0,0,lakГ—1,1,ngaek,False
зӘҖ,3,drwean dwon trwin,,0.0,0,0,trwinГ—1,1,drwean,False
зө®,4,nraeH nrjoH sjoH trhjoH,,0.0,0,0,sjoHГ—1,1,nraeH,False
жіҡ,2,tshejX tshjweX,,0.0,0,0,tshejXГ—1,1,tshjweX,False
жҪӣ,2,dzjem dzjemH,,0.0,0,0,dzjemГ—1,1,dzjemH,False
з¶ў,2,drjuw thaw,,0.0,0,0,drjuwГ—1,1,thaw,False
жё«,2,dzreap sjet,,0.0,0,0,sjetГ—1,1,dzreap,False
ж— ,2,mju mu,,0.0,0,0,mjuГ—1,1,mu,False
иӨ«,4,drje drjeX trhiX trhjeX,,0.0,0,0,trhjeXГ—1,1,drje,False
з¶Ј,2,khjwonH khjwonX,,0.0,0,0,khjwonXГ—1,1,khjwonH,False
еўі,2,bjun bjunX,,0.0,0,0,bjunXГ—1,1,bjun,False
жҘ©,2,bjien bjienX,,0.0,0,0,bjienГ—1,1,bjienX,False
йғІ,2,loj lwojX,,0.0,0,0,lojГ—1,1,lwojX,False
зўЈ,2,gjet gjot,,0.0,0,0,gjetГ—1,1,gjot,False
зҝ°,2,han hanH,,0.0,0,0,hanHГ—1,1,han,False
иҮЎ,3,na nej nyej,,0.0,0,0,nejГ—1,1,na,False
иқҳ,2,'enX 'jonX,,0.0,0,0,'jonXГ—1,1,'enX,False
йҳІ,2,bjang bjangH,,0.0,0,0,bjangГ—1,1,bjangH,False
зҗ¬,2,'jwonX 'wanH,,0.0,0,0,'jwonXГ—1,1,'wanH,False
еү–,2,phjuX phuwX,,0.0,0,0,phuwXГ—1,1,phjuX,False
и«„,2,tsywin tsywinH,,0.0,0,0,tsywinГ—1,1,tsywinH,False
йҺӯ,2,trin trinH,,0.0,0,0,trinHГ—1,1,trin,False
йјғ,2,'wea hwea,,0.0,0,0,hweaГ—1,1,'wea,False
жң…,2,khjet khjwot,,0.0,0,0,khjetГ—1,1,khjwot,False
ж¶ј,2,ljang ljangH,,0.0,0,0,ljangHГ—1,1,ljang,False
иҖЁ,2,nowk nuwH,,0.0,0,0,nuwHГ—1,1,nowk,False
жҹҹ,3,nom nyem nyemX,,0.0,0,0,nomГ—1,1,nyem,False
йҒҒ,2,dwonH dwonX,,0.0,0,0,dwonHГ—1,1,dwonX,False
еқ«,2,temH trim,,0.0,0,0,temHГ—1,1,trim,False
зҲҶ,3,paewH paewk pak,,0.0,0,0,paewkГ—1,1,paewH,False
ж¬¬,2,'aejH khojH,,0.0,0,0,khojHГ—1,1,'aejH,False
зҳҘ,3,dza tsjae tsrheaH,,0.0,0,0,dzaГ—1,1,tsjae,False
жҮү,2,'ing 'ingH,,0.0,0,1,'ingHГ—1,1,'ing,False
жҘ”,2,keat set,,0.0,0,0,setГ—1,1,keat,False
жң“,2,thew thewX,,0.0,0,0,thewXГ—1,1,thew,False
ж ©,2,hjuX xjuX,,0.0,0,0,xjuXГ—1,1,hjuX,False
иЎ·,2,trjuwng trjuwngH,,0.0,0,0,trjuwngГ—1,1,trjuwngH,False
жҸҙ,2,hjwenH hjwon,,0.0,0,0,hjwonГ—1,1,hjwenH,False
е·ў,2,dzraew dzraewH,,0.0,0,0,dzraewГ—1,1,dzraewH,False
и®һ,2,ngjenX ngjet,,0.0,0,0,ngjetГ—1,1,ngjenX,False
йҢҳ,2,drjwe drjweH,,0.0,0,0,drjweHГ—1,1,drjwe,False
еҖӯ,3,'jwe 'wa 'waX,,0.0,0,0,'jweГ—1,1,'wa,False
з·ө,2,tsuwng tsuwngH,,0.0,0,0,tsuwngHГ—1,1,tsuwng,False
зҘІ,2,tsim tsimH,,0.0,0,0,tsimHГ—1,1,tsim,False
жҡқ,2,meng mengH,,0.0,0,0,mengHГ—1,1,meng,False
ж„ҫ,2,khojH xj+jH,,0.0,0,0,khojHГ—1,1,xj+jH,False
з№ҹ,2,dan tsyhenX,,0.0,0,0,tsyhenXГ—1,1,dan,False
иўә,2,keat ket,,0.0,0,0,ketГ—1,1,keat,False
еҡҮ,2,xaeH xaek,,0.0,0,0,xaeHГ—1,1,xaek,False
з¶…,3,sjem tshim tsim,,0.0,0,0,sjemГ—1,1,tshim,False
зӮ®,2,baew phaewH,,0.0,0,0,baewГ—1,1,phaewH,False
иҳҶ,2,ljo lu,,0.0,0,0,luГ—1,1,ljo,False
жЁ ,3,man mjon mwon,,0.0,0,0,mjonГ—1,1,man,False
жҝЎ,2,nwan nyu,,0.0,0,0,nyuГ—1,1,nwan,False
йёӢ,2,neng nengH,,0.0,0,0,nengГ—1,1,nengH,False
жҙӢ,2,yang zjang,,0.0,0,0,yangГ—1,1,zjang,False
йј’,2,dzoj tsi,,0.0,0,0,tsiГ—1,1,dzoj,False
йҷӮ,2,pje pjeH,,0.0,0,0,pjeГ—1,1,pjeH,False
й®Ұ,3,drjowngX drjuwX duwng,,0.0,0,0,drjowngXГ—1,1,drjuwX,False
йӨҫ,2,ljuw ljuwH,,0.0,0,0,ljuwHГ—1,1,ljuw,False
и Ў,3,lejX lje lwa,,0.0,0,0,lejXГ—1,1,lje,False
з‘°,2,hwoj kwoj,,0.0,0,0,kwojГ—1,1,hwoj,False
йҹһ,2,'junX 'won,,0.0,0,0,'junXГ—1,1,'won,False
з—Ў,2,phju phu,,0.0,0,0,phuГ—1,1,phju,False
и„һ,2,tshja tshwaX,,0.0,0,0,tshwaXГ—1,1,tshja,False
дҪҶ,3,dan danH danX,,0.0,0,0,danXГ—1,1,dan,False
ж ө,2,ljejH ljet,,0.0,0,0,ljejHГ—1,1,ljet,False
иңә,2,ngej nget,,0.0,0,0,ngejГ—1,1,nget,False
йҮҸ,2,ljang ljangH,,0.0,0,0,ljangHГ—1,1,ljang,False
й·”,2,ngaw ngawH,,0.0,0,0,ngawHГ—1,1,ngaw,False
е§ә,2,senX srin,,0.0,0,0,senXГ—1,1,srin,False
з•·,2,trjwejH trjwet,,0.0,0,0,trjwetГ—1,1,trjwejH,False
жҙҹ,2,thejH yij,,0.0,0,0,thejHГ—1,1,yij,False
й©’,3,da dan ten,,0.0,0,0,daГ—1,1,dan,False
д»”,2,tsi tsiX,,0.0,0,0,tsiГ—1,1,tsiX,False
зҝӣ,2,sew syuwk,,0.0,0,0,sewГ—1,1,syuwk,False
и©’,2,dojX yi,,0.0,0,0,yiГ—1,1,dojX,False
жӢҡ,2,bjenH pjunH,,0.0,0,0,pjunHГ—1,1,bjenH,False
й·Ҝ,2,lew ljewH,,0.0,0,0,lewГ—1,1,ljewH,False
жЎҒ,2,haeng hang,,0.0,0,0,hangГ—1,1,haeng,False
жқ“,4,dzyak phjiew pjiew tek,,0.0,0,0,tekГ—1,1,dzyak,False
жҚҳ,3,tshwin tswojH tswonH,,0.0,0,0,tswojHГ—1,1,tshwin,False
иҙ–,2,dzyuH zyowk,,0.0,0,0,dzyuHГ—1,1,zyowk,False
йЁ§,2,kwae kwea,,0.0,0,0,kwaeГ—1,1,kwea,False
еҰЁ,2,phjang phjangH,,0.0,0,0,phjangГ—1,1,phjangH,False
жҳ“,2,yeH yek,,0.0,0,1,yekГ—1,1,yeH,False
ж қ,2,kwat themX,,0.0,0,0,kwatГ—1,1,themX,False
йғЁ,2,buX buwX,,0.0,0,0,buwXГ—1,1,buX,False
и«қ,2,sjo sjoX,,0.0,0,0,sjoXГ—1,1,sjo,False
жҚј,3,nwa nwoj nywij,,0.0,0,0,nwaГ—1,1,nwoj,False
зҪҝ,2,duwng tsyhowng,,0.0,0,0,tsyhowngГ—1,1,duwng,False
е І,3,dzik tsik tsit,,0.0,0,0,dzikГ—1,1,tsik,False
жҢ‘,3,dewX thaw thew,,0.0,0,0,dewXГ—1,1,thaw,False
зһҝ,2,gju kjuH,,0.0,0,0,gjuГ—1,1,kjuH,False
й–ј,4,'at 'en 'jen 'jot,,0.0,0,0,'atГ—1,1,'en,False
зЈЁ,2,ma maH,,0.0,0,0,maHГ—1,1,ma,False
иҮӮ,1,pjieH,,0.0,0,1,,0,,False
йҒҠ,1,yuw,,0.0,0,1,,0,,False
йҮҮ,1,tshojX,,0.0,0,1,,0,,False
йӣ–,1,swij,,0.0,0,1,,0,,False
еӯҹ,1,maengH,,0.0,0,1,,0,,False
жӨ„,1,tsjep,,0.0,0,1,,0,,False
еҺІ,1,ljejH,,0.0,0,4,,0,,False
зҙҚ,1,nop,,0.0,0,2,,0,,False
е……,1,tsyhuwng,,0.0,0,1,,0,,False
еҜә,1,ziH,,0.0,0,1,,0,,False
иЎЎ,1,haeng,,0.0,0,4,,0,,False
и®Һ,1,dzyuw,,0.0,0,1,,0,,False
зӣ§,1,lu,,0.0,0,1,,0,,False
ж·ё,1,tshjeng,,0.0,0,2,,0,,False
зҲІ,2,hjwe hjweH,,0.0,0,1,,0,,False
дёҠ,2,dzyangH dzyangX,,0.0,0,3,,0,,False
иј”,1,bjuX,,0.0,0,1,,0,,False
жҷҜ,1,kjaengX,,0.0,0,2,,0,,False
и¶ҷ,1,drjewX,,0.0,0,1,,0,,False
з§©,1,drit,,0.0,0,1,,0,,False
з”°,1,den,,0.0,0,1,,0,,False
ж¬І,1,yowk,,0.0,0,1,,0,,False
жӮј,1,dawH,,0.0,0,1,,0,,False
й “,1,twonH,,0.0,0,1,,0,,False
йЁ·,1,saw,,0.0,0,1,,0,,False
жҖӘ,1,kweajH,,0.0,0,1,,0,,False
йЎһ,1,lwijH,,0.0,0,1,,0,,False
еӢІ,1,xjun,,0.0,0,1,,0,,False
дёһ,2,dzying dzyingH,,0.0,0,1,,0,,False
еә¶,1,syoH,,0.0,0,1,,0,,False
еҶқ,0,,,0.0,0,1,,0,,False
йҒ•,1,hjw+j,,0.0,0,1,,0,,False
й ё,2,gjieng kjiengX,,0.0,0,1,,0,,False
зҘқ,2,tsyuwH tsyuwk,,0.0,0,1,,0,,False
йҡӮ,1,'im,,0.0,0,1,,0,,False
з„ү,3,'jen 'jon hjen,,0.0,0,2,,0,,False
еһӮ,1,dzywe,,0.0,0,1,,0,,False
з”ҹ,2,sraeng srjaengH,,0.0,0,1,,0,,False
её¶,1,tajH,,0.0,0,1,,0,,False
еҘ„,1,'jemX,,0.0,0,1,,0,,False
з’°,1,hwaen,,0.0,0,1,,0,,False
ж–Ҙ,1,tsyhek,,0.0,0,1,,0,,False
иӢұ,1,'jaeng,,0.0,0,1,,0,,False
жҲҺ,1,nyuwng,,0.0,0,1,,0,,False
з”Ё,1,yowngH,,0.0,0,1,,0,,False
й—Ү,1,'omH,,0.0,0,1,,0,,False
еҫһ,3,dzjowng dzjowngH tshjowng,,0.0,0,1,,0,,False
ж”»,2,kowng kuwng,,0.0,0,2,,0,,False
еҗ№,2,tsyhwe tsyhweH,,0.0,0,1,,0,,False
жҢҜ,2,tsyin tsyinH,,0.0,0,1,,0,,False
еӣ°,1,khwonH,,0.0,0,1,,0,,False
й«ҷ,1,kaw,,0.0,0,1,,0,,False
еҗҚ,1,mjieng,,0.0,0,1,,0,,False
дјј,1,ziX,,0.0,0,1,,0,,False
зҫ©,1,ngjeH,,0.0,0,1,,0,,False
е‘ј,1,xu,,0.0,0,1,,0,,False
ж°ё,1,hjwaengX,,0.0,0,1,,0,,False
еЎө,1,drin,,0.0,0,1,,0,,False
жҺҘ,1,tsjep,,0.0,0,2,,0,,False
иӢ»,1,bju,,0.0,0,1,,0,,False
е®…,1,draek,,0.0,0,1,,0,,False
и‘¬,1,tsangH,,0.0,0,1,,0,,False
ж—…,1,ljoX,,0.0,0,1,,0,,False
зғҲ,1,ljet,,0.0,0,1,,0,,False
еҸ—,1,dzyuwX,,0.0,0,1,,0,,False
й–‘,1,hean,,0.0,0,1,,0,,False
иІў,1,kuwngH,,0.0,0,2,,0,,False
еұ•,1,trjenX,,0.0,0,1,,0,,False
з©ә,2,khuwng khuwngH,,0.0,0,1,,0,,False
иӯ°,1,ngjeH,,0.0,0,1,,0,,False
й©•,1,kjew,,0.0,0,1,,0,,False
ж„Ҹ,1,'iH,,0.0,0,2,,0,,False
иІқ,1,pajH,,0.0,0,1,,0,,False
еҪҢ,1,mje,,0.0,0,1,,0,,False
и’ҷ,1,muwng,,0.0,0,1,,0,,False
дёӢ,2,haeH haeX,,0.0,0,1,,0,,False
й ӯ,1,duw,,0.0,0,1,,0,,False
и’І,1,bu,,0.0,0,1,,0,,False
з”ҳ,1,kam,,0.0,0,1,,0,,False
зәҢ,1,zjowk,,0.0,0,1,,0,,False
жҒЈ,1,tsijH,,0.0,0,1,,0,,False
з§ү,1,pjaengX,,0.0,0,1,,0,,False
ж–Ҫ,3,sye syeH yeH,,0.0,0,1,,0,,False
зҮ’,2,syew syewH,,0.0,0,1,,0,,False
иӣҮ,3,tha ye zyae,,0.0,0,2,,0,,False
е•Ҷ,1,syang,,0.0,0,1,,0,,False
ж©«,3,hwaeng hwaengH kwang,,0.0,0,1,,0,,False
й ‘,1,ngwaen,,0.0,0,1,,0,,False
зү§,1,mjuwk,,0.0,0,1,,0,,False
иҮә,1,doj,,0.0,0,1,,0,,False
йЈҹ,2,yiH zyik,,0.0,0,4,,0,,False
дёҲ,1,drjangX,,0.0,0,1,,0,,False
е’ё,1,heam,,0.0,0,1,,0,,False
ж·і,1,dzywin,,0.0,0,1,,0,,False
еҶ…,1,nwojH,,0.0,0,2,,0,,False
зӣҙ,1,drik,,0.0,0,1,,0,,False
и‘ү,2,syep yep,,0.0,0,1,,0,,False
иұ«,1,yoH,,0.0,0,1,,0,,False
йҷё,1,ljuwk,,0.0,0,1,,0,,False
е…Ғ,1,ywinX,,0.0,0,1,,0,,False
жіў,1,pa,,0.0,0,1,,0,,False
еҡҙ,1,ngjaem,,0.0,0,2,,0,,False
ж…ў,1,maenH,,0.0,0,1,,0,,False
жі°,1,thajH,,0.0,0,1,,0,,False
жқҹ,1,syowk,,0.0,0,1,,0,,False
иӘЁ,1,xwojH,,0.0,0,1,,0,,False
йҒҘ,1,yew,,0.0,0,1,,0,,False
й§’,1,kju,,0.0,0,1,,0,,False
еҢ—,1,pok,,0.0,0,2,,0,,False
еӣҠ,1,nang,,0.0,0,1,,0,,False
иЎҖ,1,xwet,,0.0,0,1,,0,,False
з•Ҹ,1,'jw+jH,,0.0,0,2,,0,,False
ж —,1,lit,,0.0,0,1,,0,,False
е»¶,2,yen yenH,,0.0,0,1,,0,,False
е“Җ,1,'oj,,0.0,0,1,,0,,False
ж№Ҝ,3,syang thang thangH,,0.0,0,1,,0,,False
йө ,1,howk,,0.0,0,1,,0,,False
е№і,2,bjaeng bjien,,0.0,0,1,,0,,False
з«Ҙ,1,duwng,,0.0,0,1,,0,,False
дҫҶ,1,loj,,0.0,0,2,,0,,False
зӢ„,1,dek,,0.0,0,1,,0,,False
иі”,1,pjin,,0.0,0,1,,0,,False
иҢ…,1,maew,,0.0,0,1,,0,,False
ж–Ҝ,1,sje,,0.0,0,1,,0,,False
еҘҸ,1,tsuwH,,0.0,0,3,,0,,False
дә®,1,ljangH,,0.0,0,1,,0,,False
еұ…,2,ki kjo,,0.0,0,1,,0,,False
жҜҚ,1,muwX,,0.0,0,1,,0,,False
е°Ғ,2,pjowng pjowngH,,0.0,0,1,,0,,False
з“Ұ,2,ngwaeH ngwaeX,,0.0,0,1,,0,,False
д»ҳ,1,pjuH,,0.0,0,1,,0,,False
еҘҡ,1,hej,,0.0,0,1,,0,,False
йҒә,2,ywij ywijH,,0.0,0,2,,0,,False
еӯҗ,1,tsiX,,0.0,0,2,,0,,False
